filename,file_size,file_attributes,region_count,region_id,region_shape_attributes,region_attributes
80.jpg,102074,"{}",9,0,"{""name"":""rect"",""x"":71,""y"":86,""width"":532,""height"":287}","{""name"":""table""}"
80.jpg,102074,"{}",9,1,"{""name"":""rect"",""x"":563,""y"":112,""width"":42,""height"":261}","{""name"":""column""}"
80.jpg,102074,"{}",9,2,"{""name"":""rect"",""x"":283,""y"":113,""width"":280,""height"":260}","{""name"":""column""}"
80.jpg,102074,"{}",9,3,"{""name"":""rect"",""x"":224,""y"":113,""width"":59,""height"":261}","{""name"":""column""}"
80.jpg,102074,"{}",9,4,"{""name"":""rect"",""x"":151,""y"":112,""width"":74,""height"":262}","{""name"":""column""}"
80.jpg,102074,"{}",9,5,"{""name"":""rect"",""x"":75,""y"":110,""width"":76,""height"":264}","{""name"":""column""}"
80.jpg,102074,"{}",9,6,"{""name"":""rect"",""x"":69,""y"":468,""width"":533,""height"":262}","{""name"":""table""}"
80.jpg,102074,"{}",9,7,"{""name"":""rect"",""x"":172,""y"":495,""width"":432,""height"":235}","{""name"":""column""}"
80.jpg,102074,"{}",9,8,"{""name"":""rect"",""x"":69,""y"":499,""width"":104,""height"":231}","{""name"":""column""}"
99.jpg,91833,"{}",6,0,"{""name"":""rect"",""x"":70,""y"":159,""width"":916,""height"":406}","{""name"":""table""}"
99.jpg,91833,"{}",6,1,"{""name"":""rect"",""x"":71,""y"":162,""width"":58,""height"":403}","{""name"":""column""}"
99.jpg,91833,"{}",6,2,"{""name"":""rect"",""x"":125,""y"":162,""width"":189,""height"":402}","{""name"":""column""}"
99.jpg,91833,"{}",6,3,"{""name"":""rect"",""x"":312,""y"":159,""width"":224,""height"":405}","{""name"":""column""}"
99.jpg,91833,"{}",6,4,"{""name"":""rect"",""x"":529,""y"":161,""width"":230,""height"":406}","{""name"":""column""}"
99.jpg,91833,"{}",6,5,"{""name"":""rect"",""x"":758,""y"":160,""width"":225,""height"":403}","{""name"":""column""}"
98.jpg,190246,"{}",3,0,"{""name"":""rect"",""x"":423,""y"":69,""width"":319,""height"":487}","{""name"":""table""}"
98.jpg,190246,"{}",3,1,"{""name"":""rect"",""x"":508,""y"":73,""width"":235,""height"":481}","{""name"":""column""}"
98.jpg,190246,"{}",3,2,"{""name"":""rect"",""x"":423,""y"":72,""width"":83,""height"":485}","{""name"":""column""}"
97.jpg,202539,"{}",3,0,"{""name"":""rect"",""x"":465,""y"":87,""width"":258,""height"":146}","{""name"":""table""}"
97.jpg,202539,"{}",3,1,"{""name"":""rect"",""x"":584,""y"":92,""width"":140,""height"":140}","{""name"":""column""}"
97.jpg,202539,"{}",3,2,"{""name"":""rect"",""x"":468,""y"":92,""width"":119,""height"":138}","{""name"":""column""}"
96.jpg,126137,"{}",7,0,"{""name"":""rect"",""x"":51,""y"":707,""width"":714,""height"":266}","{""name"":""table""}"
96.jpg,126137,"{}",7,1,"{""name"":""rect"",""x"":51,""y"":713,""width"":114,""height"":260}","{""name"":""column""}"
96.jpg,126137,"{}",7,2,"{""name"":""rect"",""x"":171,""y"":713,""width"":164,""height"":257}","{""name"":""column""}"
96.jpg,126137,"{}",7,3,"{""name"":""rect"",""x"":336,""y"":711,""width"":116,""height"":260}","{""name"":""column""}"
96.jpg,126137,"{}",7,4,"{""name"":""rect"",""x"":452,""y"":714,""width"":114,""height"":258}","{""name"":""column""}"
96.jpg,126137,"{}",7,5,"{""name"":""rect"",""x"":566,""y"":714,""width"":113,""height"":258}","{""name"":""column""}"
96.jpg,126137,"{}",7,6,"{""name"":""rect"",""x"":684,""y"":711,""width"":81,""height"":261}","{""name"":""column""}"
95.jpg,119156,"{}",5,0,"{""name"":""rect"",""x"":196,""y"":562,""width"":485,""height"":383}","{""name"":""table""}"
95.jpg,119156,"{}",5,1,"{""name"":""rect"",""x"":196,""y"":563,""width"":118,""height"":385}","{""name"":""column""}"
95.jpg,119156,"{}",5,2,"{""name"":""rect"",""x"":313,""y"":565,""width"":77,""height"":381}","{""name"":""column""}"
95.jpg,119156,"{}",5,3,"{""name"":""rect"",""x"":388,""y"":565,""width"":161,""height"":381}","{""name"":""column""}"
95.jpg,119156,"{}",5,4,"{""name"":""rect"",""x"":546,""y"":565,""width"":136,""height"":385}","{""name"":""column""}"
94.jpg,138139,"{}",5,0,"{""name"":""rect"",""x"":162,""y"":428,""width"":494,""height"":246}","{""name"":""table""}"
94.jpg,138139,"{}",5,1,"{""name"":""rect"",""x"":573,""y"":450,""width"":81,""height"":221}","{""name"":""column""}"
94.jpg,138139,"{}",5,2,"{""name"":""rect"",""x"":494,""y"":450,""width"":77,""height"":222}","{""name"":""column""}"
94.jpg,138139,"{}",5,3,"{""name"":""rect"",""x"":162,""y"":450,""width"":84,""height"":221}","{""name"":""column""}"
94.jpg,138139,"{}",5,4,"{""name"":""rect"",""x"":249,""y"":449,""width"":246,""height"":222}","{""name"":""column""}"
93.jpg,137639,"{}",4,0,"{""name"":""rect"",""x"":147,""y"":488,""width"":212,""height"":180}","{""name"":""table""}"
93.jpg,137639,"{}",4,1,"{""name"":""rect"",""x"":150,""y"":492,""width"":65,""height"":174}","{""name"":""column""}"
93.jpg,137639,"{}",4,2,"{""name"":""rect"",""x"":216,""y"":492,""width"":69,""height"":176}","{""name"":""column""}"
93.jpg,137639,"{}",4,3,"{""name"":""rect"",""x"":288,""y"":492,""width"":69,""height"":174}","{""name"":""column""}"
92.jpg,144225,"{}",6,0,"{""name"":""rect"",""x"":114,""y"":164,""width"":591,""height"":237}","{""name"":""table""}"
92.jpg,144225,"{}",6,1,"{""name"":""rect"",""x"":114,""y"":168,""width"":147,""height"":233}","{""name"":""column""}"
92.jpg,144225,"{}",6,2,"{""name"":""rect"",""x"":260,""y"":164,""width"":66,""height"":239}","{""name"":""column""}"
92.jpg,144225,"{}",6,3,"{""name"":""rect"",""x"":603,""y"":168,""width"":104,""height"":231}","{""name"":""column""}"
92.jpg,144225,"{}",6,4,"{""name"":""rect"",""x"":534,""y"":168,""width"":69,""height"":233}","{""name"":""column""}"
92.jpg,144225,"{}",6,5,"{""name"":""rect"",""x"":330,""y"":168,""width"":204,""height"":234}","{""name"":""column""}"
91.jpg,178171,"{}",3,0,"{""name"":""rect"",""x"":362,""y"":165,""width"":147,""height"":197}","{""name"":""table""}"
91.jpg,178171,"{}",3,1,"{""name"":""rect"",""x"":362,""y"":170,""width"":75,""height"":192}","{""name"":""column""}"
91.jpg,178171,"{}",3,2,"{""name"":""rect"",""x"":441,""y"":170,""width"":68,""height"":191}","{""name"":""column""}"
90.jpg,85666,"{}",3,0,"{""name"":""rect"",""x"":237,""y"":171,""width"":341,""height"":158}","{""name"":""table""}"
90.jpg,85666,"{}",3,1,"{""name"":""rect"",""x"":239,""y"":173,""width"":68,""height"":155}","{""name"":""column""}"
90.jpg,85666,"{}",3,2,"{""name"":""rect"",""x"":308,""y"":174,""width"":269,""height"":153}","{""name"":""column""}"
89.jpg,96770,"{}",3,0,"{""name"":""rect"",""x"":137,""y"":491,""width"":501,""height"":290}","{""name"":""table""}"
89.jpg,96770,"{}",3,1,"{""name"":""rect"",""x"":266,""y"":492,""width"":375,""height"":288}","{""name"":""column""}"
89.jpg,96770,"{}",3,2,"{""name"":""rect"",""x"":137,""y"":494,""width"":129,""height"":290}","{""name"":""column""}"
88.jpg,202298,"{}",12,0,"{""name"":""rect"",""x"":155,""y"":198,""width"":531,""height"":134}","{""name"":""table""}"
88.jpg,202298,"{}",12,1,"{""name"":""rect"",""x"":155,""y"":206,""width"":57,""height"":124}","{""name"":""column""}"
88.jpg,202298,"{}",12,2,"{""name"":""rect"",""x"":212,""y"":201,""width"":49,""height"":131}","{""name"":""column""}"
88.jpg,202298,"{}",12,3,"{""name"":""rect"",""x"":260,""y"":203,""width"":43,""height"":132}","{""name"":""column""}"
88.jpg,202298,"{}",12,4,"{""name"":""rect"",""x"":303,""y"":198,""width"":46,""height"":137}","{""name"":""column""}"
88.jpg,202298,"{}",12,5,"{""name"":""rect"",""x"":348,""y"":203,""width"":49,""height"":132}","{""name"":""column""}"
88.jpg,202298,"{}",12,6,"{""name"":""rect"",""x"":394,""y"":198,""width"":49,""height"":136}","{""name"":""column""}"
88.jpg,202298,"{}",12,7,"{""name"":""rect"",""x"":437,""y"":199,""width"":51,""height"":136}","{""name"":""column""}"
88.jpg,202298,"{}",12,8,"{""name"":""rect"",""x"":487,""y"":201,""width"":41,""height"":132}","{""name"":""column""}"
88.jpg,202298,"{}",12,9,"{""name"":""rect"",""x"":528,""y"":203,""width"":51,""height"":131}","{""name"":""column""}"
88.jpg,202298,"{}",12,10,"{""name"":""rect"",""x"":576,""y"":206,""width"":49,""height"":126}","{""name"":""column""}"
88.jpg,202298,"{}",12,11,"{""name"":""rect"",""x"":627,""y"":201,""width"":61,""height"":132}","{""name"":""column""}"
87.jpg,71070,"{}",14,0,"{""name"":""rect"",""x"":123,""y"":139,""width"":565,""height"":150}","{""name"":""table""}"
87.jpg,71070,"{}",14,1,"{""name"":""rect"",""x"":121,""y"":144,""width"":292,""height"":147}","{""name"":""column""}"
87.jpg,71070,"{}",14,2,"{""name"":""rect"",""x"":413,""y"":145,""width"":77,""height"":148}","{""name"":""column""}"
87.jpg,71070,"{}",14,3,"{""name"":""rect"",""x"":490,""y"":144,""width"":69,""height"":148}","{""name"":""column""}"
87.jpg,71070,"{}",14,4,"{""name"":""rect"",""x"":558,""y"":142,""width"":67,""height"":150}","{""name"":""column""}"
87.jpg,71070,"{}",14,5,"{""name"":""rect"",""x"":622,""y"":140,""width"":69,""height"":148}","{""name"":""column""}"
87.jpg,71070,"{}",14,6,"{""name"":""rect"",""x"":257,""y"":493,""width"":298,""height"":105}","{""name"":""table""}"
87.jpg,71070,"{}",14,7,"{""name"":""rect"",""x"":255,""y"":493,""width"":108,""height"":105}","{""name"":""column""}"
87.jpg,71070,"{}",14,8,"{""name"":""rect"",""x"":362,""y"":493,""width"":107,""height"":104}","{""name"":""column""}"
87.jpg,71070,"{}",14,9,"{""name"":""rect"",""x"":468,""y"":495,""width"":91,""height"":102}","{""name"":""column""}"
87.jpg,71070,"{}",14,10,"{""name"":""rect"",""x"":257,""y"":723,""width"":302,""height"":123}","{""name"":""table""}"
87.jpg,71070,"{}",14,11,"{""name"":""rect"",""x"":258,""y"":723,""width"":101,""height"":124}","{""name"":""column""}"
87.jpg,71070,"{}",14,12,"{""name"":""rect"",""x"":359,""y"":724,""width"":107,""height"":124}","{""name"":""column""}"
87.jpg,71070,"{}",14,13,"{""name"":""rect"",""x"":466,""y"":724,""width"":94,""height"":124}","{""name"":""column""}"
86.jpg,171875,"{}",11,0,"{""name"":""rect"",""x"":70,""y"":199,""width"":652,""height"":217}","{""name"":""table""}"
86.jpg,171875,"{}",11,1,"{""name"":""rect"",""x"":70,""y"":202,""width"":190,""height"":214}","{""name"":""column""}"
86.jpg,171875,"{}",11,2,"{""name"":""rect"",""x"":260,""y"":198,""width"":51,""height"":217}","{""name"":""column""}"
86.jpg,171875,"{}",11,3,"{""name"":""rect"",""x"":309,""y"":201,""width"":61,""height"":214}","{""name"":""column""}"
86.jpg,171875,"{}",11,4,"{""name"":""rect"",""x"":367,""y"":201,""width"":43,""height"":215}","{""name"":""column""}"
86.jpg,171875,"{}",11,5,"{""name"":""rect"",""x"":407,""y"":202,""width"":155,""height"":215}","{""name"":""column""}"
86.jpg,171875,"{}",11,6,"{""name"":""rect"",""x"":558,""y"":199,""width"":72,""height"":220}","{""name"":""column""}"
86.jpg,171875,"{}",11,7,"{""name"":""rect"",""x"":628,""y"":199,""width"":97,""height"":218}","{""name"":""column""}"
86.jpg,171875,"{}",11,8,"{""name"":""rect"",""x"":137,""y"":526,""width"":523,""height"":239}","{""name"":""table""}"
86.jpg,171875,"{}",11,9,"{""name"":""rect"",""x"":137,""y"":528,""width"":405,""height"":238}","{""name"":""column""}"
86.jpg,171875,"{}",11,10,"{""name"":""rect"",""x"":539,""y"":526,""width"":121,""height"":241}","{""name"":""column""}"
85.jpg,76113,"{}",5,0,"{""name"":""rect"",""x"":99,""y"":119,""width"":254,""height"":740}","{""name"":""table""}"
85.jpg,76113,"{}",5,1,"{""name"":""rect"",""x"":101,""y"":120,""width"":74,""height"":740}","{""name"":""column""}"
85.jpg,76113,"{}",5,2,"{""name"":""rect"",""x"":170,""y"":122,""width"":80,""height"":738}","{""name"":""column""}"
85.jpg,76113,"{}",5,3,"{""name"":""rect"",""x"":249,""y"":123,""width"":62,""height"":732}","{""name"":""column""}"
85.jpg,76113,"{}",5,4,"{""name"":""rect"",""x"":306,""y"":122,""width"":48,""height"":737}","{""name"":""column""}"
84.jpg,88039,"{}",9,0,"{""name"":""rect"",""x"":89,""y"":161,""width"":570,""height"":662}","{""name"":""table""}"
84.jpg,88039,"{}",9,1,"{""name"":""rect"",""x"":89,""y"":163,""width"":169,""height"":659}","{""name"":""column""}"
84.jpg,88039,"{}",9,2,"{""name"":""rect"",""x"":257,""y"":164,""width"":54,""height"":657}","{""name"":""column""}"
84.jpg,88039,"{}",9,3,"{""name"":""rect"",""x"":311,""y"":163,""width"":61,""height"":662}","{""name"":""column""}"
84.jpg,88039,"{}",9,4,"{""name"":""rect"",""x"":370,""y"":163,""width"":54,""height"":659}","{""name"":""column""}"
84.jpg,88039,"{}",9,5,"{""name"":""rect"",""x"":423,""y"":161,""width"":64,""height"":661}","{""name"":""column""}"
84.jpg,88039,"{}",9,6,"{""name"":""rect"",""x"":485,""y"":163,""width"":59,""height"":659}","{""name"":""column""}"
84.jpg,88039,"{}",9,7,"{""name"":""rect"",""x"":544,""y"":158,""width"":56,""height"":665}","{""name"":""column""}"
84.jpg,88039,"{}",9,8,"{""name"":""rect"",""x"":598,""y"":158,""width"":61,""height"":664}","{""name"":""column""}"
83.jpg,91517,"{}",9,0,"{""name"":""rect"",""x"":179,""y"":762,""width"":281,""height"":49}","{""name"":""table""}"
83.jpg,91517,"{}",9,1,"{""name"":""rect"",""x"":180,""y"":764,""width"":94,""height"":48}","{""name"":""column""}"
83.jpg,91517,"{}",9,2,"{""name"":""rect"",""x"":274,""y"":765,""width"":21,""height"":43}","{""name"":""column""}"
83.jpg,91517,"{}",9,3,"{""name"":""rect"",""x"":297,""y"":765,""width"":32,""height"":43}","{""name"":""column""}"
83.jpg,91517,"{}",9,4,"{""name"":""rect"",""x"":328,""y"":762,""width"":29,""height"":49}","{""name"":""column""}"
83.jpg,91517,"{}",9,5,"{""name"":""rect"",""x"":360,""y"":762,""width"":16,""height"":45}","{""name"":""column""}"
83.jpg,91517,"{}",9,6,"{""name"":""rect"",""x"":376,""y"":764,""width"":22,""height"":48}","{""name"":""column""}"
83.jpg,91517,"{}",9,7,"{""name"":""rect"",""x"":397,""y"":762,""width"":27,""height"":49}","{""name"":""column""}"
83.jpg,91517,"{}",9,8,"{""name"":""rect"",""x"":423,""y"":759,""width"":38,""height"":53}","{""name"":""column""}"
82.jpg,210645,"{}",4,0,"{""name"":""rect"",""x"":95,""y"":71,""width"":273,""height"":209}","{""name"":""table""}"
82.jpg,210645,"{}",4,1,"{""name"":""rect"",""x"":99,""y"":71,""width"":77,""height"":207}","{""name"":""column""}"
82.jpg,210645,"{}",4,2,"{""name"":""rect"",""x"":176,""y"":71,""width"":102,""height"":210}","{""name"":""column""}"
82.jpg,210645,"{}",4,3,"{""name"":""rect"",""x"":276,""y"":72,""width"":90,""height"":207}","{""name"":""column""}"
81.jpg,68388,"{}",3,0,"{""name"":""rect"",""x"":81,""y"":128,""width"":506,""height"":776}","{""name"":""table""}"
81.jpg,68388,"{}",3,1,"{""name"":""rect"",""x"":80,""y"":132,""width"":123,""height"":773}","{""name"":""column""}"
81.jpg,68388,"{}",3,2,"{""name"":""rect"",""x"":207,""y"":132,""width"":381,""height"":773}","{""name"":""column""}"
79.jpg,96441,"{}",4,0,"{""name"":""rect"",""x"":144,""y"":53,""width"":509,""height"":506}","{""name"":""table""}"
79.jpg,96441,"{}",4,1,"{""name"":""rect"",""x"":141,""y"":75,""width"":188,""height"":485}","{""name"":""column""}"
79.jpg,96441,"{}",4,2,"{""name"":""rect"",""x"":330,""y"":78,""width"":33,""height"":482}","{""name"":""column""}"
79.jpg,96441,"{}",4,3,"{""name"":""rect"",""x"":365,""y"":77,""width"":290,""height"":485}","{""name"":""column""}"
78.jpg,184158,"{}",4,0,"{""name"":""rect"",""x"":156,""y"":522,""width"":423,""height"":87}","{""name"":""table""}"
78.jpg,184158,"{}",4,1,"{""name"":""rect"",""x"":155,""y"":522,""width"":233,""height"":86}","{""name"":""column""}"
78.jpg,184158,"{}",4,2,"{""name"":""rect"",""x"":386,""y"":521,""width"":98,""height"":86}","{""name"":""column""}"
78.jpg,184158,"{}",4,3,"{""name"":""rect"",""x"":479,""y"":521,""width"":102,""height"":90}","{""name"":""column""}"
77.jpg,186825,"{}",8,0,"{""name"":""rect"",""x"":101,""y"":96,""width"":616,""height"":81}","{""name"":""table""}"
77.jpg,186825,"{}",8,1,"{""name"":""rect"",""x"":101,""y"":96,""width"":77,""height"":81}","{""name"":""column""}"
77.jpg,186825,"{}",8,2,"{""name"":""rect"",""x"":172,""y"":96,""width"":91,""height"":80}","{""name"":""column""}"
77.jpg,186825,"{}",8,3,"{""name"":""rect"",""x"":263,""y"":96,""width"":81,""height"":78}","{""name"":""column""}"
77.jpg,186825,"{}",8,4,"{""name"":""rect"",""x"":345,""y"":99,""width"":61,""height"":77}","{""name"":""column""}"
77.jpg,186825,"{}",8,5,"{""name"":""rect"",""x"":400,""y"":97,""width"":108,""height"":81}","{""name"":""column""}"
77.jpg,186825,"{}",8,6,"{""name"":""rect"",""x"":507,""y"":94,""width"":123,""height"":85}","{""name"":""column""}"
77.jpg,186825,"{}",8,7,"{""name"":""rect"",""x"":629,""y"":93,""width"":91,""height"":81}","{""name"":""column""}"
76.jpg,182611,"{}",1,0,"{""name"":""rect"",""x"":414,""y"":630,""width"":291,""height"":128}","{""name"":""table""}"
75.jpg,175080,"{}",3,0,"{""name"":""rect"",""x"":84,""y"":72,""width"":309,""height"":341}","{""name"":""table""}"
75.jpg,175080,"{}",3,1,"{""name"":""rect"",""x"":83,""y"":75,""width"":35,""height"":338}","{""name"":""column""}"
75.jpg,175080,"{}",3,2,"{""name"":""rect"",""x"":117,""y"":72,""width"":278,""height"":339}","{""name"":""column""}"
74.jpg,214829,"{}",4,0,"{""name"":""rect"",""x"":408,""y"":71,""width"":318,""height"":188}","{""name"":""table""}"
74.jpg,214829,"{}",4,1,"{""name"":""rect"",""x"":408,""y"":72,""width"":134,""height"":186}","{""name"":""column""}"
74.jpg,214829,"{}",4,2,"{""name"":""rect"",""x"":539,""y"":72,""width"":123,""height"":188}","{""name"":""column""}"
74.jpg,214829,"{}",4,3,"{""name"":""rect"",""x"":662,""y"":69,""width"":66,""height"":191}","{""name"":""column""}"
73.jpg,98193,"{}",27,0,"{""name"":""rect"",""x"":185,""y"":177,""width"":269,""height"":83}","{""name"":""table""}"
73.jpg,98193,"{}",27,1,"{""name"":""rect"",""x"":183,""y"":175,""width"":97,""height"":86}","{""name"":""column""}"
73.jpg,98193,"{}",27,2,"{""name"":""rect"",""x"":277,""y"":175,""width"":26,""height"":85}","{""name"":""column""}"
73.jpg,98193,"{}",27,3,"{""name"":""rect"",""x"":300,""y"":175,""width"":33,""height"":83}","{""name"":""column""}"
73.jpg,98193,"{}",27,4,"{""name"":""rect"",""x"":333,""y"":177,""width"":32,""height"":83}","{""name"":""column""}"
73.jpg,98193,"{}",27,5,"{""name"":""rect"",""x"":362,""y"":171,""width"":24,""height"":92}","{""name"":""column""}"
73.jpg,98193,"{}",27,6,"{""name"":""rect"",""x"":383,""y"":174,""width"":24,""height"":89}","{""name"":""column""}"
73.jpg,98193,"{}",27,7,"{""name"":""rect"",""x"":408,""y"":172,""width"":26,""height"":92}","{""name"":""column""}"
73.jpg,98193,"{}",27,8,"{""name"":""rect"",""x"":435,""y"":177,""width"":19,""height"":83}","{""name"":""column""}"
73.jpg,98193,"{}",27,9,"{""name"":""rect"",""x"":179,""y"":485,""width"":327,""height"":86}","{""name"":""table""}"
73.jpg,98193,"{}",27,10,"{""name"":""rect"",""x"":180,""y"":488,""width"":155,""height"":81}","{""name"":""column""}"
73.jpg,98193,"{}",27,11,"{""name"":""rect"",""x"":333,""y"":488,""width"":19,""height"":81}","{""name"":""column""}"
73.jpg,98193,"{}",27,12,"{""name"":""rect"",""x"":352,""y"":485,""width"":35,""height"":86}","{""name"":""column""}"
73.jpg,98193,"{}",27,13,"{""name"":""rect"",""x"":384,""y"":485,""width"":35,""height"":86}","{""name"":""column""}"
73.jpg,98193,"{}",27,14,"{""name"":""rect"",""x"":416,""y"":485,""width"":22,""height"":89}","{""name"":""column""}"
73.jpg,98193,"{}",27,15,"{""name"":""rect"",""x"":437,""y"":483,""width"":21,""height"":89}","{""name"":""column""}"
73.jpg,98193,"{}",27,16,"{""name"":""rect"",""x"":456,""y"":485,""width"":27,""height"":91}","{""name"":""column""}"
73.jpg,98193,"{}",27,17,"{""name"":""rect"",""x"":482,""y"":483,""width"":26,""height"":91}","{""name"":""column""}"
73.jpg,98193,"{}",27,18,"{""name"":""rect"",""x"":190,""y"":768,""width"":263,""height"":53}","{""name"":""table""}"
73.jpg,98193,"{}",27,19,"{""name"":""rect"",""x"":188,""y"":770,""width"":96,""height"":53}","{""name"":""column""}"
73.jpg,98193,"{}",27,20,"{""name"":""rect"",""x"":281,""y"":768,""width"":26,""height"":54}","{""name"":""column""}"
73.jpg,98193,"{}",27,21,"{""name"":""rect"",""x"":305,""y"":768,""width"":26,""height"":56}","{""name"":""column""}"
73.jpg,98193,"{}",27,22,"{""name"":""rect"",""x"":328,""y"":768,""width"":32,""height"":54}","{""name"":""column""}"
73.jpg,98193,"{}",27,23,"{""name"":""rect"",""x"":356,""y"":770,""width"":24,""height"":54}","{""name"":""column""}"
73.jpg,98193,"{}",27,24,"{""name"":""rect"",""x"":378,""y"":767,""width"":26,""height"":53}","{""name"":""column""}"
73.jpg,98193,"{}",27,25,"{""name"":""rect"",""x"":402,""y"":767,""width"":27,""height"":57}","{""name"":""column""}"
73.jpg,98193,"{}",27,26,"{""name"":""rect"",""x"":427,""y"":767,""width"":27,""height"":56}","{""name"":""column""}"
72.jpg,45732,"{}",17,0,"{""name"":""rect"",""x"":248,""y"":323,""width"":321,""height"":155}","{""name"":""table""}"
72.jpg,45732,"{}",17,1,"{""name"":""rect"",""x"":249,""y"":351,""width"":105,""height"":122}","{""name"":""column""}"
72.jpg,45732,"{}",17,2,"{""name"":""rect"",""x"":353,""y"":323,""width"":218,""height"":153}","{""name"":""column""}"
72.jpg,45732,"{}",17,3,"{""name"":""rect"",""x"":354,""y"":350,""width"":54,""height"":125}","{""name"":""column""}"
72.jpg,45732,"{}",17,4,"{""name"":""rect"",""x"":405,""y"":351,""width"":65,""height"":128}","{""name"":""column""}"
72.jpg,45732,"{}",17,5,"{""name"":""rect"",""x"":467,""y"":353,""width"":47,""height"":128}","{""name"":""column""}"
72.jpg,45732,"{}",17,6,"{""name"":""rect"",""x"":515,""y"":354,""width"":54,""height"":126}","{""name"":""column""}"
72.jpg,45732,"{}",17,7,"{""name"":""rect"",""x"":149,""y"":533,""width"":527,""height"":123}","{""name"":""table""}"
72.jpg,45732,"{}",17,8,"{""name"":""rect"",""x"":147,""y"":536,""width"":105,""height"":123}","{""name"":""column""}"
72.jpg,45732,"{}",17,9,"{""name"":""rect"",""x"":248,""y"":536,""width"":60,""height"":119}","{""name"":""column""}"
72.jpg,45732,"{}",17,10,"{""name"":""rect"",""x"":303,""y"":534,""width"":56,""height"":123}","{""name"":""column""}"
72.jpg,45732,"{}",17,11,"{""name"":""rect"",""x"":356,""y"":534,""width"":56,""height"":123}","{""name"":""column""}"
72.jpg,45732,"{}",17,12,"{""name"":""rect"",""x"":408,""y"":536,""width"":54,""height"":122}","{""name"":""column""}"
72.jpg,45732,"{}",17,13,"{""name"":""rect"",""x"":459,""y"":536,""width"":54,""height"":122}","{""name"":""column""}"
72.jpg,45732,"{}",17,14,"{""name"":""rect"",""x"":507,""y"":534,""width"":54,""height"":122}","{""name"":""column""}"
72.jpg,45732,"{}",17,15,"{""name"":""rect"",""x"":558,""y"":534,""width"":54,""height"":122}","{""name"":""column""}"
72.jpg,45732,"{}",17,16,"{""name"":""rect"",""x"":611,""y"":534,""width"":65,""height"":123}","{""name"":""column""}"
71.jpg,245986,"{}",3,0,"{""name"":""rect"",""x"":402,""y"":113,""width"":327,""height"":330}","{""name"":""table""}"
71.jpg,245986,"{}",3,1,"{""name"":""rect"",""x"":402,""y"":114,""width"":237,""height"":332}","{""name"":""column""}"
71.jpg,245986,"{}",3,2,"{""name"":""rect"",""x"":636,""y"":114,""width"":95,""height"":330}","{""name"":""column""}"
70.jpg,194542,"{}",3,0,"{""name"":""rect"",""x"":441,""y"":174,""width"":278,""height"":107}","{""name"":""table""}"
70.jpg,194542,"{}",3,1,"{""name"":""rect"",""x"":441,""y"":177,""width"":215,""height"":107}","{""name"":""column""}"
70.jpg,194542,"{}",3,2,"{""name"":""rect"",""x"":650,""y"":173,""width"":72,""height"":110}","{""name"":""column""}"
69.jpg,90839,"{}",12,0,"{""name"":""rect"",""x"":200,""y"":153,""width"":399,""height"":95}","{""name"":""table""}"
69.jpg,90839,"{}",12,1,"{""name"":""rect"",""x"":198,""y"":149,""width"":83,""height"":99}","{""name"":""column""}"
69.jpg,90839,"{}",12,2,"{""name"":""rect"",""x"":278,""y"":150,""width"":62,""height"":95}","{""name"":""column""}"
69.jpg,90839,"{}",12,3,"{""name"":""rect"",""x"":339,""y"":150,""width"":62,""height"":101}","{""name"":""column""}"
69.jpg,90839,"{}",12,4,"{""name"":""rect"",""x"":398,""y"":149,""width"":75,""height"":101}","{""name"":""column""}"
69.jpg,90839,"{}",12,5,"{""name"":""rect"",""x"":474,""y"":152,""width"":77,""height"":98}","{""name"":""column""}"
69.jpg,90839,"{}",12,6,"{""name"":""rect"",""x"":549,""y"":152,""width"":51,""height"":96}","{""name"":""column""}"
69.jpg,90839,"{}",12,7,"{""name"":""rect"",""x"":245,""y"":548,""width"":311,""height"":84}","{""name"":""table""}"
69.jpg,90839,"{}",12,8,"{""name"":""rect"",""x"":242,""y"":548,""width"":120,""height"":84}","{""name"":""column""}"
69.jpg,90839,"{}",12,9,"{""name"":""rect"",""x"":356,""y"":549,""width"":77,""height"":81}","{""name"":""column""}"
69.jpg,90839,"{}",12,10,"{""name"":""rect"",""x"":429,""y"":551,""width"":78,""height"":80}","{""name"":""column""}"
69.jpg,90839,"{}",12,11,"{""name"":""rect"",""x"":504,""y"":549,""width"":53,""height"":84}","{""name"":""column""}"
68.jpg,96837,"{}",13,0,"{""name"":""rect"",""x"":193,""y"":156,""width"":413,""height"":419}","{""name"":""table""}"
68.jpg,96837,"{}",13,1,"{""name"":""rect"",""x"":193,""y"":153,""width"":116,""height"":424}","{""name"":""column""}"
68.jpg,96837,"{}",13,2,"{""name"":""rect"",""x"":306,""y"":156,""width"":86,""height"":421}","{""name"":""column""}"
68.jpg,96837,"{}",13,3,"{""name"":""rect"",""x"":389,""y"":155,""width"":112,""height"":421}","{""name"":""column""}"
68.jpg,96837,"{}",13,4,"{""name"":""rect"",""x"":499,""y"":156,""width"":113,""height"":421}","{""name"":""column""}"
68.jpg,96837,"{}",13,5,"{""name"":""rect"",""x"":139,""y"":622,""width"":520,""height"":153}","{""name"":""table""}"
68.jpg,96837,"{}",13,6,"{""name"":""rect"",""x"":137,""y"":627,""width"":228,""height"":148}","{""name"":""column""}"
68.jpg,96837,"{}",13,7,"{""name"":""rect"",""x"":362,""y"":619,""width"":97,""height"":156}","{""name"":""column""}"
68.jpg,96837,"{}",13,8,"{""name"":""rect"",""x"":454,""y"":620,""width"":102,""height"":156}","{""name"":""column""}"
68.jpg,96837,"{}",13,9,"{""name"":""rect"",""x"":556,""y"":622,""width"":105,""height"":153}","{""name"":""column""}"
68.jpg,96837,"{}",13,10,"{""name"":""rect"",""x"":196,""y"":812,""width"":405,""height"":198}","{""name"":""table""}"
68.jpg,96837,"{}",13,11,"{""name"":""rect"",""x"":191,""y"":813,""width"":233,""height"":199}","{""name"":""column""}"
68.jpg,96837,"{}",13,12,"{""name"":""rect"",""x"":421,""y"":812,""width"":180,""height"":201}","{""name"":""column""}"
67.jpg,176272,"{}",5,0,"{""name"":""rect"",""x"":394,""y"":152,""width"":314,""height"":838}","{""name"":""table""}"
67.jpg,176272,"{}",5,1,"{""name"":""rect"",""x"":391,""y"":155,""width"":116,""height"":841}","{""name"":""column""}"
67.jpg,176272,"{}",5,2,"{""name"":""rect"",""x"":509,""y"":188,""width"":59,""height"":804}","{""name"":""column""}"
67.jpg,176272,"{}",5,3,"{""name"":""rect"",""x"":568,""y"":190,""width"":64,""height"":804}","{""name"":""column""}"
67.jpg,176272,"{}",5,4,"{""name"":""rect"",""x"":629,""y"":190,""width"":83,""height"":801}","{""name"":""column""}"
66.jpg,92963,"{}",7,0,"{""name"":""rect"",""x"":104,""y"":211,""width"":405,""height"":255}","{""name"":""table""}"
66.jpg,92963,"{}",7,1,"{""name"":""rect"",""x"":104,""y"":214,""width"":49,""height"":254}","{""name"":""column""}"
66.jpg,92963,"{}",7,2,"{""name"":""rect"",""x"":153,""y"":207,""width"":70,""height"":257}","{""name"":""column""}"
66.jpg,92963,"{}",7,3,"{""name"":""rect"",""x"":219,""y"":211,""width"":73,""height"":257}","{""name"":""column""}"
66.jpg,92963,"{}",7,4,"{""name"":""rect"",""x"":289,""y"":212,""width"":67,""height"":255}","{""name"":""column""}"
66.jpg,92963,"{}",7,5,"{""name"":""rect"",""x"":357,""y"":212,""width"":69,""height"":252}","{""name"":""column""}"
66.jpg,92963,"{}",7,6,"{""name"":""rect"",""x"":423,""y"":214,""width"":89,""height"":251}","{""name"":""column""}"
65.jpg,55032,"{}",13,0,"{""name"":""rect"",""x"":89,""y"":153,""width"":636,""height"":207}","{""name"":""table""}"
65.jpg,55032,"{}",13,1,"{""name"":""rect"",""x"":89,""y"":158,""width"":114,""height"":201}","{""name"":""column""}"
65.jpg,55032,"{}",13,2,"{""name"":""rect"",""x"":200,""y"":155,""width"":108,""height"":200}","{""name"":""column""}"
65.jpg,55032,"{}",13,3,"{""name"":""rect"",""x"":302,""y"":155,""width"":108,""height"":206}","{""name"":""column""}"
65.jpg,55032,"{}",13,4,"{""name"":""rect"",""x"":407,""y"":155,""width"":107,""height"":207}","{""name"":""column""}"
65.jpg,55032,"{}",13,5,"{""name"":""rect"",""x"":515,""y"":153,""width"":107,""height"":209}","{""name"":""column""}"
65.jpg,55032,"{}",13,6,"{""name"":""rect"",""x"":618,""y"":152,""width"":110,""height"":212}","{""name"":""column""}"
65.jpg,55032,"{}",13,7,"{""name"":""rect"",""x"":89,""y"":431,""width"":209,""height"":197}","{""name"":""table""}"
65.jpg,55032,"{}",13,8,"{""name"":""rect"",""x"":210,""y"":434,""width"":87,""height"":195}","{""name"":""column""}"
65.jpg,55032,"{}",13,9,"{""name"":""rect"",""x"":89,""y"":435,""width"":125,""height"":194}","{""name"":""column""}"
65.jpg,55032,"{}",13,10,"{""name"":""rect"",""x"":359,""y"":431,""width"":204,""height"":197}","{""name"":""table""}"
65.jpg,55032,"{}",13,11,"{""name"":""rect"",""x"":458,""y"":434,""width"":105,""height"":195}","{""name"":""column""}"
65.jpg,55032,"{}",13,12,"{""name"":""rect"",""x"":351,""y"":434,""width"":110,""height"":198}","{""name"":""column""}"
64.jpg,111415,"{}",3,0,"{""name"":""rect"",""x"":125,""y"":125,""width"":573,""height"":261}","{""name"":""table""}"
64.jpg,111415,"{}",3,1,"{""name"":""rect"",""x"":125,""y"":128,""width"":161,""height"":260}","{""name"":""column""}"
64.jpg,111415,"{}",3,2,"{""name"":""rect"",""x"":282,""y"":125,""width"":416,""height"":263}","{""name"":""column""}"
63.jpg,153254,"{}",15,0,"{""name"":""rect"",""x"":125,""y"":243,""width"":221,""height"":93}","{""name"":""table""}"
63.jpg,153254,"{}",15,1,"{""name"":""rect"",""x"":285,""y"":242,""width"":65,""height"":95}","{""name"":""column""}"
63.jpg,153254,"{}",15,2,"{""name"":""rect"",""x"":125,""y"":243,""width"":162,""height"":93}","{""name"":""column""}"
63.jpg,153254,"{}",15,3,"{""name"":""rect"",""x"":80,""y"":651,""width"":311,""height"":62}","{""name"":""table""}"
63.jpg,153254,"{}",15,4,"{""name"":""rect"",""x"":80,""y"":654,""width"":63,""height"":57}","{""name"":""column""}"
63.jpg,153254,"{}",15,5,"{""name"":""rect"",""x"":137,""y"":653,""width"":86,""height"":62}","{""name"":""column""}"
63.jpg,153254,"{}",15,6,"{""name"":""rect"",""x"":225,""y"":653,""width"":48,""height"":65}","{""name"":""column""}"
63.jpg,153254,"{}",15,7,"{""name"":""rect"",""x"":272,""y"":653,""width"":74,""height"":60}","{""name"":""column""}"
63.jpg,153254,"{}",15,8,"{""name"":""rect"",""x"":347,""y"":653,""width"":45,""height"":63}","{""name"":""column""}"
63.jpg,153254,"{}",15,9,"{""name"":""rect"",""x"":423,""y"":632,""width"":311,""height"":162}","{""name"":""table""}"
63.jpg,153254,"{}",15,10,"{""name"":""rect"",""x"":423,""y"":635,""width"":29,""height"":158}","{""name"":""column""}"
63.jpg,153254,"{}",15,11,"{""name"":""rect"",""x"":456,""y"":633,""width"":74,""height"":161}","{""name"":""column""}"
63.jpg,153254,"{}",15,12,"{""name"":""rect"",""x"":533,""y"":632,""width"":60,""height"":164}","{""name"":""column""}"
63.jpg,153254,"{}",15,13,"{""name"":""rect"",""x"":591,""y"":633,""width"":72,""height"":162}","{""name"":""column""}"
63.jpg,153254,"{}",15,14,"{""name"":""rect"",""x"":663,""y"":633,""width"":74,""height"":162}","{""name"":""column""}"
62.jpg,89227,"{}",11,0,"{""name"":""rect"",""x"":227,""y"":401,""width"":368,""height"":93}","{""name"":""table""}"
62.jpg,89227,"{}",11,1,"{""name"":""rect"",""x"":227,""y"":399,""width"":57,""height"":96}","{""name"":""column""}"
62.jpg,89227,"{}",11,2,"{""name"":""rect"",""x"":284,""y"":399,""width"":51,""height"":95}","{""name"":""column""}"
62.jpg,89227,"{}",11,3,"{""name"":""rect"",""x"":333,""y"":398,""width"":57,""height"":98}","{""name"":""column""}"
62.jpg,89227,"{}",11,4,"{""name"":""rect"",""x"":390,""y"":401,""width"":206,""height"":96}","{""name"":""column""}"
62.jpg,89227,"{}",11,5,"{""name"":""rect"",""x"":201,""y"":695,""width"":425,""height"":164}","{""name"":""table""}"
62.jpg,89227,"{}",11,6,"{""name"":""rect"",""x"":201,""y"":698,""width"":57,""height"":162}","{""name"":""column""}"
62.jpg,89227,"{}",11,7,"{""name"":""rect"",""x"":257,""y"":695,""width"":78,""height"":165}","{""name"":""column""}"
62.jpg,89227,"{}",11,8,"{""name"":""rect"",""x"":332,""y"":692,""width"":72,""height"":168}","{""name"":""column""}"
62.jpg,89227,"{}",11,9,"{""name"":""rect"",""x"":401,""y"":692,""width"":143,""height"":170}","{""name"":""column""}"
62.jpg,89227,"{}",11,10,"{""name"":""rect"",""x"":540,""y"":692,""width"":90,""height"":167}","{""name"":""column""}"
61.jpg,86033,"{}",10,0,"{""name"":""rect"",""x"":56,""y"":129,""width"":717,""height"":828}","{""name"":""table""}"
61.jpg,86033,"{}",10,1,"{""name"":""rect"",""x"":53,""y"":131,""width"":122,""height"":830}","{""name"":""column""}"
61.jpg,86033,"{}",10,2,"{""name"":""rect"",""x"":168,""y"":123,""width"":90,""height"":836}","{""name"":""column""}"
61.jpg,86033,"{}",10,3,"{""name"":""rect"",""x"":260,""y"":125,""width"":80,""height"":830}","{""name"":""column""}"
61.jpg,86033,"{}",10,4,"{""name"":""rect"",""x"":338,""y"":128,""width"":92,""height"":828}","{""name"":""column""}"
61.jpg,86033,"{}",10,5,"{""name"":""rect"",""x"":426,""y"":128,""width"":80,""height"":828}","{""name"":""column""}"
61.jpg,86033,"{}",10,6,"{""name"":""rect"",""x"":500,""y"":129,""width"":71,""height"":831}","{""name"":""column""}"
61.jpg,86033,"{}",10,7,"{""name"":""rect"",""x"":567,""y"":128,""width"":66,""height"":828}","{""name"":""column""}"
61.jpg,86033,"{}",10,8,"{""name"":""rect"",""x"":633,""y"":128,""width"":54,""height"":830}","{""name"":""column""}"
61.jpg,86033,"{}",10,9,"{""name"":""rect"",""x"":689,""y"":128,""width"":86,""height"":830}","{""name"":""column""}"
60.jpg,107079,"{}",8,0,"{""name"":""rect"",""x"":111,""y"":162,""width"":602,""height"":515}","{""name"":""table""}"
60.jpg,107079,"{}",8,1,"{""name"":""rect"",""x"":108,""y"":165,""width"":210,""height"":515}","{""name"":""column""}"
60.jpg,107079,"{}",8,2,"{""name"":""rect"",""x"":314,""y"":161,""width"":57,""height"":519}","{""name"":""column""}"
60.jpg,107079,"{}",8,3,"{""name"":""rect"",""x"":369,""y"":165,""width"":69,""height"":513}","{""name"":""column""}"
60.jpg,107079,"{}",8,4,"{""name"":""rect"",""x"":434,""y"":165,""width"":72,""height"":509}","{""name"":""column""}"
60.jpg,107079,"{}",8,5,"{""name"":""rect"",""x"":501,""y"":162,""width"":75,""height"":513}","{""name"":""column""}"
60.jpg,107079,"{}",8,6,"{""name"":""rect"",""x"":573,""y"":164,""width"":69,""height"":516}","{""name"":""column""}"
60.jpg,107079,"{}",8,7,"{""name"":""rect"",""x"":641,""y"":164,""width"":74,""height"":513}","{""name"":""column""}"
59.jpg,126251,"{}",3,0,"{""name"":""rect"",""x"":215,""y"":842,""width"":436,""height"":72}","{""name"":""table""}"
59.jpg,126251,"{}",3,1,"{""name"":""rect"",""x"":214,""y"":846,""width"":94,""height"":72}","{""name"":""column""}"
59.jpg,126251,"{}",3,2,"{""name"":""rect"",""x"":308,""y"":841,""width"":348,""height"":78}","{""name"":""column""}"
58.jpg,126518,"{}",10,0,"{""name"":""rect"",""x"":105,""y"":90,""width"":561,""height"":380}","{""name"":""table""}"
58.jpg,126518,"{}",10,1,"{""name"":""rect"",""x"":105,""y"":93,""width"":42,""height"":377}","{""name"":""column""}"
58.jpg,126518,"{}",10,2,"{""name"":""rect"",""x"":146,""y"":90,""width"":162,""height"":377}","{""name"":""column""}"
58.jpg,126518,"{}",10,3,"{""name"":""rect"",""x"":306,""y"":89,""width"":264,""height"":378}","{""name"":""column""}"
58.jpg,126518,"{}",10,4,"{""name"":""rect"",""x"":564,""y"":87,""width"":102,""height"":384}","{""name"":""column""}"
58.jpg,126518,"{}",10,5,"{""name"":""rect"",""x"":105,""y"":531,""width"":567,""height"":432}","{""name"":""table""}"
58.jpg,126518,"{}",10,6,"{""name"":""rect"",""x"":104,""y"":530,""width"":60,""height"":432}","{""name"":""column""}"
58.jpg,126518,"{}",10,7,"{""name"":""rect"",""x"":162,""y"":533,""width"":231,""height"":434}","{""name"":""column""}"
58.jpg,126518,"{}",10,8,"{""name"":""rect"",""x"":390,""y"":531,""width"":86,""height"":435}","{""name"":""column""}"
58.jpg,126518,"{}",10,9,"{""name"":""rect"",""x"":473,""y"":531,""width"":201,""height"":437}","{""name"":""column""}"
57.jpg,109363,"{}",6,0,"{""name"":""rect"",""x"":147,""y"":584,""width"":522,""height"":140}","{""name"":""table""}"
57.jpg,109363,"{}",6,1,"{""name"":""rect"",""x"":147,""y"":591,""width"":111,""height"":132}","{""name"":""column""}"
57.jpg,109363,"{}",6,2,"{""name"":""rect"",""x"":255,""y"":587,""width"":116,""height"":137}","{""name"":""column""}"
57.jpg,109363,"{}",6,3,"{""name"":""rect"",""x"":369,""y"":587,""width"":96,""height"":138}","{""name"":""column""}"
57.jpg,109363,"{}",6,4,"{""name"":""rect"",""x"":464,""y"":587,""width"":92,""height"":138}","{""name"":""column""}"
57.jpg,109363,"{}",6,5,"{""name"":""rect"",""x"":555,""y"":587,""width"":114,""height"":138}","{""name"":""column""}"
56.jpg,89550,"{}",5,0,"{""name"":""rect"",""x"":147,""y"":139,""width"":544,""height"":781}","{""name"":""table""}"
56.jpg,89550,"{}",5,1,"{""name"":""rect"",""x"":145,""y"":142,""width"":75,""height"":772}","{""name"":""column""}"
56.jpg,89550,"{}",5,2,"{""name"":""rect"",""x"":214,""y"":137,""width"":279,""height"":781}","{""name"":""column""}"
56.jpg,89550,"{}",5,3,"{""name"":""rect"",""x"":491,""y"":136,""width"":53,""height"":786}","{""name"":""column""}"
56.jpg,89550,"{}",5,4,"{""name"":""rect"",""x"":540,""y"":136,""width"":151,""height"":786}","{""name"":""column""}"
55.jpg,194987,"{}",9,0,"{""name"":""rect"",""x"":161,""y"":171,""width"":468,""height"":185}","{""name"":""table""}"
55.jpg,194987,"{}",9,1,"{""name"":""rect"",""x"":161,""y"":174,""width"":60,""height"":183}","{""name"":""column""}"
55.jpg,194987,"{}",9,2,"{""name"":""rect"",""x"":216,""y"":170,""width"":83,""height"":182}","{""name"":""column""}"
55.jpg,194987,"{}",9,3,"{""name"":""rect"",""x"":296,""y"":170,""width"":138,""height"":188}","{""name"":""column""}"
55.jpg,194987,"{}",9,4,"{""name"":""rect"",""x"":432,""y"":171,""width"":42,""height"":183}","{""name"":""column""}"
55.jpg,194987,"{}",9,5,"{""name"":""rect"",""x"":471,""y"":171,""width"":38,""height"":183}","{""name"":""column""}"
55.jpg,194987,"{}",9,6,"{""name"":""rect"",""x"":507,""y"":171,""width"":42,""height"":188}","{""name"":""column""}"
55.jpg,194987,"{}",9,7,"{""name"":""rect"",""x"":548,""y"":168,""width"":38,""height"":189}","{""name"":""column""}"
55.jpg,194987,"{}",9,8,"{""name"":""rect"",""x"":585,""y"":168,""width"":44,""height"":188}","{""name"":""column""}"
54.jpg,84108,"{}",11,0,"{""name"":""rect"",""x"":93,""y"":153,""width"":630,""height"":468}","{""name"":""table""}"
54.jpg,84108,"{}",11,1,"{""name"":""rect"",""x"":92,""y"":153,""width"":159,""height"":467}","{""name"":""column""}"
54.jpg,84108,"{}",11,2,"{""name"":""rect"",""x"":251,""y"":153,""width"":89,""height"":473}","{""name"":""column""}"
54.jpg,84108,"{}",11,3,"{""name"":""rect"",""x"":342,""y"":153,""width"":80,""height"":468}","{""name"":""column""}"
54.jpg,84108,"{}",11,4,"{""name"":""rect"",""x"":419,""y"":153,""width"":99,""height"":473}","{""name"":""column""}"
54.jpg,84108,"{}",11,5,"{""name"":""rect"",""x"":521,""y"":155,""width"":207,""height"":470}","{""name"":""column""}"
54.jpg,84108,"{}",11,6,"{""name"":""rect"",""x"":98,""y"":672,""width"":627,""height"":191}","{""name"":""table""}"
54.jpg,84108,"{}",11,7,"{""name"":""rect"",""x"":96,""y"":675,""width"":227,""height"":189}","{""name"":""column""}"
54.jpg,84108,"{}",11,8,"{""name"":""rect"",""x"":320,""y"":675,""width"":89,""height"":188}","{""name"":""column""}"
54.jpg,84108,"{}",11,9,"{""name"":""rect"",""x"":404,""y"":671,""width"":161,""height"":192}","{""name"":""column""}"
54.jpg,84108,"{}",11,10,"{""name"":""rect"",""x"":561,""y"":669,""width"":165,""height"":195}","{""name"":""column""}"
53.jpg,68022,"{}",0,0,"{}","{}"
52.jpg,179595,"{}",8,0,"{""name"":""rect"",""x"":80,""y"":554,""width"":303,""height"":180}","{""name"":""table""}"
52.jpg,179595,"{}",8,1,"{""name"":""rect"",""x"":83,""y"":552,""width"":72,""height"":186}","{""name"":""column""}"
52.jpg,179595,"{}",8,2,"{""name"":""rect"",""x"":153,""y"":551,""width"":36,""height"":185}","{""name"":""column""}"
52.jpg,179595,"{}",8,3,"{""name"":""rect"",""x"":191,""y"":551,""width"":38,""height"":185}","{""name"":""column""}"
52.jpg,179595,"{}",8,4,"{""name"":""rect"",""x"":225,""y"":549,""width"":33,""height"":186}","{""name"":""column""}"
52.jpg,179595,"{}",8,5,"{""name"":""rect"",""x"":260,""y"":549,""width"":41,""height"":185}","{""name"":""column""}"
52.jpg,179595,"{}",8,6,"{""name"":""rect"",""x"":299,""y"":548,""width"":39,""height"":188}","{""name"":""column""}"
52.jpg,179595,"{}",8,7,"{""name"":""rect"",""x"":341,""y"":554,""width"":44,""height"":180}","{""name"":""column""}"
51.jpg,223163,"{}",12,0,"{""name"":""rect"",""x"":54,""y"":122,""width"":147,""height"":174}","{""name"":""table""}"
51.jpg,223163,"{}",12,1,"{""name"":""rect"",""x"":54,""y"":123,""width"":90,""height"":176}","{""name"":""column""}"
51.jpg,223163,"{}",12,2,"{""name"":""rect"",""x"":146,""y"":123,""width"":56,""height"":176}","{""name"":""column""}"
51.jpg,223163,"{}",12,3,"{""name"":""rect"",""x"":237,""y"":143,""width"":141,""height"":131}","{""name"":""table""}"
51.jpg,223163,"{}",12,4,"{""name"":""rect"",""x"":239,""y"":141,""width"":78,""height"":135}","{""name"":""column""}"
51.jpg,223163,"{}",12,5,"{""name"":""rect"",""x"":312,""y"":141,""width"":65,""height"":132}","{""name"":""column""}"
51.jpg,223163,"{}",12,6,"{""name"":""rect"",""x"":60,""y"":327,""width"":144,""height"":132}","{""name"":""table""}"
51.jpg,223163,"{}",12,7,"{""name"":""rect"",""x"":141,""y"":330,""width"":65,""height"":131}","{""name"":""column""}"
51.jpg,223163,"{}",12,8,"{""name"":""rect"",""x"":59,""y"":329,""width"":83,""height"":131}","{""name"":""column""}"
51.jpg,223163,"{}",12,9,"{""name"":""rect"",""x"":234,""y"":336,""width"":150,""height"":114}","{""name"":""table""}"
51.jpg,223163,"{}",12,10,"{""name"":""rect"",""x"":234,""y"":336,""width"":86,""height"":116}","{""name"":""column""}"
51.jpg,223163,"{}",12,11,"{""name"":""rect"",""x"":317,""y"":335,""width"":68,""height"":117}","{""name"":""column""}"
50.jpg,153471,"{}",19,0,"{""name"":""rect"",""x"":215,""y"":156,""width"":365,""height"":294}","{""name"":""table""}"
50.jpg,153471,"{}",19,1,"{""name"":""rect"",""x"":217,""y"":155,""width"":49,""height"":297}","{""name"":""column""}"
50.jpg,153471,"{}",19,2,"{""name"":""rect"",""x"":262,""y"":153,""width"":45,""height"":302}","{""name"":""column""}"
50.jpg,153471,"{}",19,3,"{""name"":""rect"",""x"":303,""y"":152,""width"":62,""height"":302}","{""name"":""column""}"
50.jpg,153471,"{}",19,4,"{""name"":""rect"",""x"":367,""y"":152,""width"":54,""height"":303}","{""name"":""column""}"
50.jpg,153471,"{}",19,5,"{""name"":""rect"",""x"":416,""y"":155,""width"":43,""height"":297}","{""name"":""column""}"
50.jpg,153471,"{}",19,6,"{""name"":""rect"",""x"":458,""y"":152,""width"":62,""height"":302}","{""name"":""column""}"
50.jpg,153471,"{}",19,7,"{""name"":""rect"",""x"":519,""y"":153,""width"":62,""height"":302}","{""name"":""column""}"
50.jpg,153471,"{}",19,8,"{""name"":""rect"",""x"":137,""y"":528,""width"":525,""height"":297}","{""name"":""table""}"
50.jpg,153471,"{}",19,9,"{""name"":""rect"",""x"":134,""y"":533,""width"":56,""height"":297}","{""name"":""column""}"
50.jpg,153471,"{}",19,10,"{""name"":""rect"",""x"":185,""y"":533,""width"":46,""height"":290}","{""name"":""column""}"
50.jpg,153471,"{}",19,11,"{""name"":""rect"",""x"":227,""y"":525,""width"":67,""height"":300}","{""name"":""column""}"
50.jpg,153471,"{}",19,12,"{""name"":""rect"",""x"":289,""y"":527,""width"":51,""height"":298}","{""name"":""column""}"
50.jpg,153471,"{}",19,13,"{""name"":""rect"",""x"":338,""y"":525,""width"":57,""height"":302}","{""name"":""column""}"
50.jpg,153471,"{}",19,14,"{""name"":""rect"",""x"":391,""y"":527,""width"":59,""height"":303}","{""name"":""column""}"
50.jpg,153471,"{}",19,15,"{""name"":""rect"",""x"":448,""y"":528,""width"":51,""height"":300}","{""name"":""column""}"
50.jpg,153471,"{}",19,16,"{""name"":""rect"",""x"":495,""y"":525,""width"":53,""height"":303}","{""name"":""column""}"
50.jpg,153471,"{}",19,17,"{""name"":""rect"",""x"":547,""y"":527,""width"":59,""height"":298}","{""name"":""column""}"
50.jpg,153471,"{}",19,18,"{""name"":""rect"",""x"":605,""y"":527,""width"":56,""height"":305}","{""name"":""column""}"
49.jpg,207166,"{}",5,0,"{""name"":""rect"",""x"":68,""y"":408,""width"":329,""height"":143}","{""name"":""table""}"
49.jpg,207166,"{}",5,1,"{""name"":""rect"",""x"":71,""y"":408,""width"":89,""height"":144}","{""name"":""column""}"
49.jpg,207166,"{}",5,2,"{""name"":""rect"",""x"":153,""y"":408,""width"":80,""height"":146}","{""name"":""column""}"
49.jpg,207166,"{}",5,3,"{""name"":""rect"",""x"":230,""y"":408,""width"":81,""height"":147}","{""name"":""column""}"
49.jpg,207166,"{}",5,4,"{""name"":""rect"",""x"":309,""y"":405,""width"":89,""height"":149}","{""name"":""column""}"
48.jpg,49411,"{}",10,0,"{""name"":""rect"",""x"":239,""y"":150,""width"":299,""height"":294}","{""name"":""table""}"
48.jpg,49411,"{}",10,1,"{""name"":""rect"",""x"":240,""y"":152,""width"":48,""height"":294}","{""name"":""column""}"
48.jpg,49411,"{}",10,2,"{""name"":""rect"",""x"":285,""y"":150,""width"":66,""height"":293}","{""name"":""column""}"
48.jpg,49411,"{}",10,3,"{""name"":""rect"",""x"":350,""y"":150,""width"":80,""height"":294}","{""name"":""column""}"
48.jpg,49411,"{}",10,4,"{""name"":""rect"",""x"":431,""y"":150,""width"":105,""height"":296}","{""name"":""column""}"
48.jpg,49411,"{}",10,5,"{""name"":""rect"",""x"":230,""y"":627,""width"":300,""height"":230}","{""name"":""table""}"
48.jpg,49411,"{}",10,6,"{""name"":""rect"",""x"":230,""y"":630,""width"":48,""height"":231}","{""name"":""column""}"
48.jpg,49411,"{}",10,7,"{""name"":""rect"",""x"":278,""y"":629,""width"":59,""height"":231}","{""name"":""column""}"
48.jpg,49411,"{}",10,8,"{""name"":""rect"",""x"":333,""y"":626,""width"":99,""height"":234}","{""name"":""column""}"
48.jpg,49411,"{}",10,9,"{""name"":""rect"",""x"":429,""y"":626,""width"":104,""height"":233}","{""name"":""column""}"
47.jpg,75071,"{}",5,0,"{""name"":""rect"",""x"":189,""y"":50,""width"":405,""height"":447}","{""name"":""table""}"
47.jpg,75071,"{}",5,1,"{""name"":""rect"",""x"":189,""y"":47,""width"":113,""height"":453}","{""name"":""column""}"
47.jpg,75071,"{}",5,2,"{""name"":""rect"",""x"":297,""y"":47,""width"":99,""height"":453}","{""name"":""column""}"
47.jpg,75071,"{}",5,3,"{""name"":""rect"",""x"":393,""y"":45,""width"":105,""height"":455}","{""name"":""column""}"
47.jpg,75071,"{}",5,4,"{""name"":""rect"",""x"":497,""y"":48,""width"":101,""height"":449}","{""name"":""column""}"
46.jpg,183841,"{}",9,0,"{""name"":""rect"",""x"":443,""y"":363,""width"":296,""height"":126}","{""name"":""table""}"
46.jpg,183841,"{}",9,1,"{""name"":""rect"",""x"":443,""y"":363,""width"":80,""height"":129}","{""name"":""column""}"
46.jpg,183841,"{}",9,2,"{""name"":""rect"",""x"":515,""y"":363,""width"":227,""height"":132}","{""name"":""column""}"
46.jpg,183841,"{}",9,3,"{""name"":""rect"",""x"":440,""y"":567,""width"":296,""height"":96}","{""name"":""table""}"
46.jpg,183841,"{}",9,4,"{""name"":""rect"",""x"":440,""y"":569,""width"":83,""height"":99}","{""name"":""column""}"
46.jpg,183841,"{}",9,5,"{""name"":""rect"",""x"":516,""y"":567,""width"":222,""height"":95}","{""name"":""column""}"
46.jpg,183841,"{}",9,6,"{""name"":""rect"",""x"":440,""y"":791,""width"":300,""height"":32}","{""name"":""table""}"
46.jpg,183841,"{}",9,7,"{""name"":""rect"",""x"":440,""y"":794,""width"":192,""height"":30}","{""name"":""column""}"
46.jpg,183841,"{}",9,8,"{""name"":""rect"",""x"":627,""y"":789,""width"":116,""height"":38}","{""name"":""column""}"
45.jpg,142190,"{}",7,0,"{""name"":""rect"",""x"":204,""y"":92,""width"":458,""height"":99}","{""name"":""table""}"
45.jpg,142190,"{}",7,1,"{""name"":""rect"",""x"":206,""y"":92,""width"":117,""height"":99}","{""name"":""column""}"
45.jpg,142190,"{}",7,2,"{""name"":""rect"",""x"":320,""y"":89,""width"":78,""height"":105}","{""name"":""column""}"
45.jpg,142190,"{}",7,3,"{""name"":""rect"",""x"":395,""y"":87,""width"":75,""height"":105}","{""name"":""column""}"
45.jpg,142190,"{}",7,4,"{""name"":""rect"",""x"":470,""y"":90,""width"":65,""height"":104}","{""name"":""column""}"
45.jpg,142190,"{}",7,5,"{""name"":""rect"",""x"":536,""y"":89,""width"":66,""height"":102}","{""name"":""column""}"
45.jpg,142190,"{}",7,6,"{""name"":""rect"",""x"":599,""y"":87,""width"":66,""height"":107}","{""name"":""column""}"
44.jpg,78454,"{}",12,0,"{""name"":""rect"",""x"":193,""y"":140,""width"":408,""height"":281}","{""name"":""table""}"
44.jpg,78454,"{}",12,1,"{""name"":""rect"",""x"":193,""y"":139,""width"":56,""height"":286}","{""name"":""column""}"
44.jpg,78454,"{}",12,2,"{""name"":""rect"",""x"":247,""y"":137,""width"":54,""height"":284}","{""name"":""column""}"
44.jpg,78454,"{}",12,3,"{""name"":""rect"",""x"":302,""y"":137,""width"":150,""height"":282}","{""name"":""column""}"
44.jpg,78454,"{}",12,4,"{""name"":""rect"",""x"":445,""y"":140,""width"":75,""height"":281}","{""name"":""column""}"
44.jpg,78454,"{}",12,5,"{""name"":""rect"",""x"":517,""y"":136,""width"":88,""height"":287}","{""name"":""column""}"
44.jpg,78454,"{}",12,6,"{""name"":""rect"",""x"":190,""y"":579,""width"":410,""height"":281}","{""name"":""table""}"
44.jpg,78454,"{}",12,7,"{""name"":""rect"",""x"":188,""y"":581,""width"":64,""height"":282}","{""name"":""column""}"
44.jpg,78454,"{}",12,8,"{""name"":""rect"",""x"":241,""y"":578,""width"":61,""height"":284}","{""name"":""column""}"
44.jpg,78454,"{}",12,9,"{""name"":""rect"",""x"":300,""y"":582,""width"":147,""height"":278}","{""name"":""column""}"
44.jpg,78454,"{}",12,10,"{""name"":""rect"",""x"":444,""y"":576,""width"":83,""height"":284}","{""name"":""column""}"
44.jpg,78454,"{}",12,11,"{""name"":""rect"",""x"":522,""y"":578,""width"":77,""height"":286}","{""name"":""column""}"
43.jpg,170139,"{}",16,0,"{""name"":""rect"",""x"":69,""y"":36,""width"":297,""height"":248}","{""name"":""table""}"
43.jpg,170139,"{}",16,1,"{""name"":""rect"",""x"":62,""y"":38,""width"":41,""height"":246}","{""name"":""column""}"
43.jpg,170139,"{}",16,2,"{""name"":""rect"",""x"":104,""y"":36,""width"":153,""height"":252}","{""name"":""column""}"
43.jpg,170139,"{}",16,3,"{""name"":""rect"",""x"":254,""y"":36,""width"":113,""height"":245}","{""name"":""column""}"
43.jpg,170139,"{}",16,4,"{""name"":""rect"",""x"":438,""y"":362,""width"":297,""height"":204}","{""name"":""table""}"
43.jpg,170139,"{}",16,5,"{""name"":""rect"",""x"":437,""y"":368,""width"":35,""height"":198}","{""name"":""column""}"
43.jpg,170139,"{}",16,6,"{""name"":""rect"",""x"":474,""y"":363,""width"":39,""height"":198}","{""name"":""column""}"
43.jpg,170139,"{}",16,7,"{""name"":""rect"",""x"":512,""y"":365,""width"":72,""height"":198}","{""name"":""column""}"
43.jpg,170139,"{}",16,8,"{""name"":""rect"",""x"":584,""y"":365,""width"":74,""height"":198}","{""name"":""column""}"
43.jpg,170139,"{}",16,9,"{""name"":""rect"",""x"":653,""y"":360,""width"":84,""height"":206}","{""name"":""column""}"
43.jpg,170139,"{}",16,10,"{""name"":""rect"",""x"":438,""y"":801,""width"":297,""height"":41}","{""name"":""table""}"
43.jpg,170139,"{}",16,11,"{""name"":""rect"",""x"":438,""y"":803,""width"":36,""height"":38}","{""name"":""column""}"
43.jpg,170139,"{}",16,12,"{""name"":""rect"",""x"":474,""y"":803,""width"":59,""height"":44}","{""name"":""column""}"
43.jpg,170139,"{}",16,13,"{""name"":""rect"",""x"":530,""y"":800,""width"":72,""height"":44}","{""name"":""column""}"
43.jpg,170139,"{}",16,14,"{""name"":""rect"",""x"":602,""y"":803,""width"":62,""height"":41}","{""name"":""column""}"
43.jpg,170139,"{}",16,15,"{""name"":""rect"",""x"":660,""y"":803,""width"":78,""height"":42}","{""name"":""column""}"
42.jpg,160021,"{}",5,0,"{""name"":""rect"",""x"":345,""y"":125,""width"":354,""height"":689}","{""name"":""table""}"
42.jpg,160021,"{}",5,1,"{""name"":""rect"",""x"":342,""y"":128,""width"":233,""height"":686}","{""name"":""column""}"
42.jpg,160021,"{}",5,2,"{""name"":""rect"",""x"":575,""y"":122,""width"":48,""height"":695}","{""name"":""column""}"
42.jpg,160021,"{}",5,3,"{""name"":""rect"",""x"":621,""y"":122,""width"":39,""height"":699}","{""name"":""column""}"
42.jpg,160021,"{}",5,4,"{""name"":""rect"",""x"":660,""y"":122,""width"":41,""height"":693}","{""name"":""column""}"
41.jpg,103620,"{}",11,0,"{""name"":""rect"",""x"":266,""y"":147,""width"":279,""height"":89}","{""name"":""table""}"
41.jpg,103620,"{}",11,1,"{""name"":""rect"",""x"":306,""y"":144,""width"":74,""height"":89}","{""name"":""column""}"
41.jpg,103620,"{}",11,2,"{""name"":""rect"",""x"":266,""y"":146,""width"":42,""height"":90}","{""name"":""column""}"
41.jpg,103620,"{}",11,3,"{""name"":""rect"",""x"":377,""y"":147,""width"":60,""height"":89}","{""name"":""column""}"
41.jpg,103620,"{}",11,4,"{""name"":""rect"",""x"":434,""y"":143,""width"":113,""height"":96}","{""name"":""column""}"
41.jpg,103620,"{}",11,5,"{""name"":""rect"",""x"":288,""y"":554,""width"":237,""height"":84}","{""name"":""table""}"
41.jpg,103620,"{}",11,6,"{""name"":""rect"",""x"":293,""y"":549,""width"":38,""height"":84}","{""name"":""column""}"
41.jpg,103620,"{}",11,7,"{""name"":""rect"",""x"":330,""y"":549,""width"":30,""height"":86}","{""name"":""column""}"
41.jpg,103620,"{}",11,8,"{""name"":""rect"",""x"":359,""y"":551,""width"":63,""height"":86}","{""name"":""column""}"
41.jpg,103620,"{}",11,9,"{""name"":""rect"",""x"":422,""y"":554,""width"":59,""height"":81}","{""name"":""column""}"
41.jpg,103620,"{}",11,10,"{""name"":""rect"",""x"":480,""y"":552,""width"":45,""height"":87}","{""name"":""column""}"
40.jpg,117791,"{}",9,0,"{""name"":""rect"",""x"":88,""y"":246,""width"":602,""height"":142}","{""name"":""table""}"
40.jpg,117791,"{}",9,1,"{""name"":""rect"",""x"":88,""y"":249,""width"":190,""height"":137}","{""name"":""column""}"
40.jpg,117791,"{}",9,2,"{""name"":""rect"",""x"":271,""y"":246,""width"":62,""height"":140}","{""name"":""column""}"
40.jpg,117791,"{}",9,3,"{""name"":""rect"",""x"":329,""y"":247,""width"":57,""height"":139}","{""name"":""column""}"
40.jpg,117791,"{}",9,4,"{""name"":""rect"",""x"":383,""y"":246,""width"":61,""height"":142}","{""name"":""column""}"
40.jpg,117791,"{}",9,5,"{""name"":""rect"",""x"":444,""y"":246,""width"":61,""height"":139}","{""name"":""column""}"
40.jpg,117791,"{}",9,6,"{""name"":""rect"",""x"":503,""y"":246,""width"":56,""height"":140}","{""name"":""column""}"
40.jpg,117791,"{}",9,7,"{""name"":""rect"",""x"":558,""y"":244,""width"":57,""height"":142}","{""name"":""column""}"
40.jpg,117791,"{}",9,8,"{""name"":""rect"",""x"":614,""y"":241,""width"":77,""height"":147}","{""name"":""column""}"
39.jpg,96741,"{}",10,0,"{""name"":""rect"",""x"":276,""y"":265,""width"":263,""height"":161}","{""name"":""table""}"
39.jpg,96741,"{}",10,1,"{""name"":""rect"",""x"":279,""y"":270,""width"":94,""height"":156}","{""name"":""column""}"
39.jpg,96741,"{}",10,2,"{""name"":""rect"",""x"":373,""y"":268,""width"":45,""height"":158}","{""name"":""column""}"
39.jpg,96741,"{}",10,3,"{""name"":""rect"",""x"":418,""y"":268,""width"":40,""height"":160}","{""name"":""column""}"
39.jpg,96741,"{}",10,4,"{""name"":""rect"",""x"":456,""y"":263,""width"":86,""height"":164}","{""name"":""column""}"
39.jpg,96741,"{}",10,5,"{""name"":""rect"",""x"":276,""y"":608,""width"":263,""height"":163}","{""name"":""table""}"
39.jpg,96741,"{}",10,6,"{""name"":""rect"",""x"":278,""y"":611,""width"":96,""height"":160}","{""name"":""column""}"
39.jpg,96741,"{}",10,7,"{""name"":""rect"",""x"":369,""y"":610,""width"":49,""height"":161}","{""name"":""column""}"
39.jpg,96741,"{}",10,8,"{""name"":""rect"",""x"":418,""y"":610,""width"":40,""height"":160}","{""name"":""column""}"
39.jpg,96741,"{}",10,9,"{""name"":""rect"",""x"":458,""y"":608,""width"":83,""height"":166}","{""name"":""column""}"
38.jpg,134580,"{}",6,0,"{""name"":""rect"",""x"":327,""y"":494,""width"":164,""height"":99}","{""name"":""table""}"
38.jpg,134580,"{}",6,1,"{""name"":""rect"",""x"":326,""y"":491,""width"":36,""height"":102}","{""name"":""column""}"
38.jpg,134580,"{}",6,2,"{""name"":""rect"",""x"":365,""y"":494,""width"":30,""height"":102}","{""name"":""column""}"
38.jpg,134580,"{}",6,3,"{""name"":""rect"",""x"":395,""y"":495,""width"":35,""height"":96}","{""name"":""column""}"
38.jpg,134580,"{}",6,4,"{""name"":""rect"",""x"":428,""y"":492,""width"":32,""height"":102}","{""name"":""column""}"
38.jpg,134580,"{}",6,5,"{""name"":""rect"",""x"":458,""y"":495,""width"":35,""height"":96}","{""name"":""column""}"
37.jpg,161850,"{}",5,0,"{""name"":""rect"",""x"":93,""y"":539,""width"":611,""height"":279}","{""name"":""table""}"
37.jpg,161850,"{}",5,1,"{""name"":""rect"",""x"":89,""y"":539,""width"":48,""height"":281}","{""name"":""column""}"
37.jpg,161850,"{}",5,2,"{""name"":""rect"",""x"":134,""y"":538,""width"":225,""height"":278}","{""name"":""column""}"
37.jpg,161850,"{}",5,3,"{""name"":""rect"",""x"":359,""y"":541,""width"":169,""height"":279}","{""name"":""column""}"
37.jpg,161850,"{}",5,4,"{""name"":""rect"",""x"":525,""y"":541,""width"":177,""height"":279}","{""name"":""column""}"
36.jpg,131867,"{}",5,0,"{""name"":""rect"",""x"":152,""y"":188,""width"":507,""height"":215}","{""name"":""table""}"
36.jpg,131867,"{}",5,1,"{""name"":""rect"",""x"":155,""y"":188,""width"":65,""height"":216}","{""name"":""column""}"
36.jpg,131867,"{}",5,2,"{""name"":""rect"",""x"":216,""y"":189,""width"":114,""height"":210}","{""name"":""column""}"
36.jpg,131867,"{}",5,3,"{""name"":""rect"",""x"":327,""y"":186,""width"":180,""height"":219}","{""name"":""column""}"
36.jpg,131867,"{}",5,4,"{""name"":""rect"",""x"":507,""y"":188,""width"":152,""height"":213}","{""name"":""column""}"
35.jpg,167799,"{}",8,0,"{""name"":""rect"",""x"":147,""y"":145,""width"":514,""height"":124}","{""name"":""table""}"
35.jpg,167799,"{}",8,1,"{""name"":""rect"",""x"":150,""y"":147,""width"":73,""height"":123}","{""name"":""column""}"
35.jpg,167799,"{}",8,2,"{""name"":""rect"",""x"":220,""y"":145,""width"":77,""height"":126}","{""name"":""column""}"
35.jpg,167799,"{}",8,3,"{""name"":""rect"",""x"":298,""y"":145,""width"":155,""height"":126}","{""name"":""column""}"
35.jpg,167799,"{}",8,4,"{""name"":""rect"",""x"":448,""y"":142,""width"":57,""height"":128}","{""name"":""column""}"
35.jpg,167799,"{}",8,5,"{""name"":""rect"",""x"":504,""y"":142,""width"":49,""height"":129}","{""name"":""column""}"
35.jpg,167799,"{}",8,6,"{""name"":""rect"",""x"":552,""y"":144,""width"":65,""height"":124}","{""name"":""column""}"
35.jpg,167799,"{}",8,7,"{""name"":""rect"",""x"":619,""y"":144,""width"":43,""height"":129}","{""name"":""column""}"
34.jpg,191491,"{}",6,0,"{""name"":""rect"",""x"":448,""y"":282,""width"":273,""height"":172}","{""name"":""table""}"
34.jpg,191491,"{}",6,1,"{""name"":""rect"",""x"":448,""y"":285,""width"":54,""height"":167}","{""name"":""column""}"
34.jpg,191491,"{}",6,2,"{""name"":""rect"",""x"":499,""y"":281,""width"":62,""height"":175}","{""name"":""column""}"
34.jpg,191491,"{}",6,3,"{""name"":""rect"",""x"":563,""y"":282,""width"":51,""height"":174}","{""name"":""column""}"
34.jpg,191491,"{}",6,4,"{""name"":""rect"",""x"":614,""y"":284,""width"":49,""height"":172}","{""name"":""column""}"
34.jpg,191491,"{}",6,5,"{""name"":""rect"",""x"":663,""y"":282,""width"":57,""height"":174}","{""name"":""column""}"
33.jpg,91592,"{}",7,0,"{""name"":""rect"",""x"":117,""y"":131,""width"":579,""height"":657}","{""name"":""table""}"
33.jpg,91592,"{}",7,1,"{""name"":""rect"",""x"":120,""y"":134,""width"":93,""height"":654}","{""name"":""column""}"
33.jpg,91592,"{}",7,2,"{""name"":""rect"",""x"":212,""y"":134,""width"":99,""height"":654}","{""name"":""column""}"
33.jpg,91592,"{}",7,3,"{""name"":""rect"",""x"":312,""y"":131,""width"":89,""height"":657}","{""name"":""column""}"
33.jpg,91592,"{}",7,4,"{""name"":""rect"",""x"":398,""y"":131,""width"":102,""height"":656}","{""name"":""column""}"
33.jpg,91592,"{}",7,5,"{""name"":""rect"",""x"":501,""y"":135,""width"":96,""height"":651}","{""name"":""column""}"
33.jpg,91592,"{}",7,6,"{""name"":""rect"",""x"":597,""y"":132,""width"":99,""height"":657}","{""name"":""column""}"
32.jpg,160064,"{}",4,0,"{""name"":""rect"",""x"":57,""y"":196,""width"":664,""height"":268}","{""name"":""table""}"
32.jpg,160064,"{}",4,1,"{""name"":""rect"",""x"":56,""y"":198,""width"":225,""height"":265}","{""name"":""column""}"
32.jpg,160064,"{}",4,2,"{""name"":""rect"",""x"":274,""y"":191,""width"":450,""height"":274}","{""name"":""column""}"
32.jpg,160064,"{}",4,3,"{""name"":""rect"",""x"":83,""y"":764,""width"":602,""height"":180}","{""name"":""table""}"
31.jpg,205817,"{}",5,0,"{""name"":""rect"",""x"":448,""y"":712,""width"":243,""height"":77}","{""name"":""table""}"
31.jpg,205817,"{}",5,1,"{""name"":""rect"",""x"":447,""y"":716,""width"":80,""height"":70}","{""name"":""column""}"
31.jpg,205817,"{}",5,2,"{""name"":""rect"",""x"":523,""y"":715,""width"":56,""height"":72}","{""name"":""column""}"
31.jpg,205817,"{}",5,3,"{""name"":""rect"",""x"":579,""y"":715,""width"":51,""height"":75}","{""name"":""column""}"
31.jpg,205817,"{}",5,4,"{""name"":""rect"",""x"":630,""y"":715,""width"":64,""height"":77}","{""name"":""column""}"
30.jpg,124549,"{}",16,0,"{""name"":""rect"",""x"":134,""y"":144,""width"":534,""height"":341}","{""name"":""table""}"
30.jpg,124549,"{}",16,1,"{""name"":""rect"",""x"":132,""y"":144,""width"":69,""height"":339}","{""name"":""column""}"
30.jpg,124549,"{}",16,2,"{""name"":""rect"",""x"":201,""y"":146,""width"":86,""height"":336}","{""name"":""column""}"
30.jpg,124549,"{}",16,3,"{""name"":""rect"",""x"":284,""y"":143,""width"":74,""height"":336}","{""name"":""column""}"
30.jpg,124549,"{}",16,4,"{""name"":""rect"",""x"":357,""y"":146,""width"":89,""height"":336}","{""name"":""column""}"
30.jpg,124549,"{}",16,5,"{""name"":""rect"",""x"":444,""y"":144,""width"":68,""height"":338}","{""name"":""column""}"
30.jpg,124549,"{}",16,6,"{""name"":""rect"",""x"":512,""y"":141,""width"":86,""height"":342}","{""name"":""column""}"
30.jpg,124549,"{}",16,7,"{""name"":""rect"",""x"":596,""y"":144,""width"":74,""height"":341}","{""name"":""column""}"
30.jpg,124549,"{}",16,8,"{""name"":""rect"",""x"":150,""y"":555,""width"":503,""height"":342}","{""name"":""table""}"
30.jpg,124549,"{}",16,9,"{""name"":""rect"",""x"":149,""y"":560,""width"":72,""height"":336}","{""name"":""column""}"
30.jpg,124549,"{}",16,10,"{""name"":""rect"",""x"":219,""y"":560,""width"":71,""height"":333}","{""name"":""column""}"
30.jpg,124549,"{}",16,11,"{""name"":""rect"",""x"":290,""y"":558,""width"":72,""height"":336}","{""name"":""column""}"
30.jpg,124549,"{}",16,12,"{""name"":""rect"",""x"":362,""y"":558,""width"":74,""height"":339}","{""name"":""column""}"
30.jpg,124549,"{}",16,13,"{""name"":""rect"",""x"":435,""y"":557,""width"":68,""height"":341}","{""name"":""column""}"
30.jpg,124549,"{}",16,14,"{""name"":""rect"",""x"":503,""y"":554,""width"":75,""height"":342}","{""name"":""column""}"
30.jpg,124549,"{}",16,15,"{""name"":""rect"",""x"":579,""y"":557,""width"":74,""height"":341}","{""name"":""column""}"
29.jpg,140258,"{}",5,0,"{""name"":""rect"",""x"":149,""y"":92,""width"":566,""height"":477}","{""name"":""table""}"
29.jpg,140258,"{}",5,1,"{""name"":""rect"",""x"":146,""y"":92,""width"":71,""height"":480}","{""name"":""column""}"
29.jpg,140258,"{}",5,2,"{""name"":""rect"",""x"":215,""y"":89,""width"":233,""height"":483}","{""name"":""column""}"
29.jpg,140258,"{}",5,3,"{""name"":""rect"",""x"":444,""y"":87,""width"":74,""height"":480}","{""name"":""column""}"
29.jpg,140258,"{}",5,4,"{""name"":""rect"",""x"":516,""y"":92,""width"":201,""height"":479}","{""name"":""column""}"
28.jpg,155877,"{}",3,0,"{""name"":""rect"",""x"":110,""y"":179,""width"":246,""height"":104}","{""name"":""table""}"
28.jpg,155877,"{}",3,1,"{""name"":""rect"",""x"":108,""y"":182,""width"":36,""height"":101}","{""name"":""column""}"
28.jpg,155877,"{}",3,2,"{""name"":""rect"",""x"":140,""y"":180,""width"":218,""height"":102}","{""name"":""column""}"
27.jpg,90156,"{}",8,0,"{""name"":""rect"",""x"":90,""y"":434,""width"":644,""height"":468}","{""name"":""table""}"
27.jpg,90156,"{}",8,1,"{""name"":""rect"",""x"":92,""y"":435,""width"":80,""height"":467}","{""name"":""column""}"
27.jpg,90156,"{}",8,2,"{""name"":""rect"",""x"":171,""y"":432,""width"":84,""height"":471}","{""name"":""column""}"
27.jpg,90156,"{}",8,3,"{""name"":""rect"",""x"":252,""y"":434,""width"":68,""height"":470}","{""name"":""column""}"
27.jpg,90156,"{}",8,4,"{""name"":""rect"",""x"":320,""y"":435,""width"":207,""height"":470}","{""name"":""column""}"
27.jpg,90156,"{}",8,5,"{""name"":""rect"",""x"":527,""y"":431,""width"":75,""height"":471}","{""name"":""column""}"
27.jpg,90156,"{}",8,6,"{""name"":""rect"",""x"":603,""y"":432,""width"":68,""height"":471}","{""name"":""column""}"
27.jpg,90156,"{}",8,7,"{""name"":""rect"",""x"":671,""y"":432,""width"":65,""height"":470}","{""name"":""column""}"
26.jpg,131047,"{}",11,0,"{""name"":""rect"",""x"":93,""y"":188,""width"":271,""height"":172}","{""name"":""table""}"
26.jpg,131047,"{}",11,1,"{""name"":""rect"",""x"":161,""y"":190,""width"":204,""height"":171}","{""name"":""column""}"
26.jpg,131047,"{}",11,2,"{""name"":""rect"",""x"":93,""y"":188,""width"":73,""height"":176}","{""name"":""column""}"
26.jpg,131047,"{}",11,3,"{""name"":""rect"",""x"":85,""y"":533,""width"":290,""height"":369}","{""name"":""table""}"
26.jpg,131047,"{}",11,4,"{""name"":""rect"",""x"":88,""y"":535,""width"":54,""height"":364}","{""name"":""column""}"
26.jpg,131047,"{}",11,5,"{""name"":""rect"",""x"":137,""y"":535,""width"":107,""height"":369}","{""name"":""column""}"
26.jpg,131047,"{}",11,6,"{""name"":""rect"",""x"":243,""y"":536,""width"":128,""height"":364}","{""name"":""column""}"
26.jpg,131047,"{}",11,7,"{""name"":""rect"",""x"":424,""y"":97,""width"":290,""height"":298}","{""name"":""table""}"
26.jpg,131047,"{}",11,8,"{""name"":""rect"",""x"":426,""y"":99,""width"":54,""height"":298}","{""name"":""column""}"
26.jpg,131047,"{}",11,9,"{""name"":""rect"",""x"":475,""y"":99,""width"":105,""height"":300}","{""name"":""column""}"
26.jpg,131047,"{}",11,10,"{""name"":""rect"",""x"":581,""y"":101,""width"":134,""height"":295}","{""name"":""column""}"
25.jpg,120758,"{}",32,0,"{""name"":""rect"",""x"":152,""y"":225,""width"":542,""height"":48}","{""name"":""table""}"
25.jpg,120758,"{}",32,1,"{""name"":""rect"",""x"":153,""y"":227,""width"":221,""height"":48}","{""name"":""column""}"
25.jpg,120758,"{}",32,2,"{""name"":""rect"",""x"":371,""y"":225,""width"":257,""height"":50}","{""name"":""column""}"
25.jpg,120758,"{}",32,3,"{""name"":""rect"",""x"":626,""y"":227,""width"":65,""height"":45}","{""name"":""column""}"
25.jpg,120758,"{}",32,4,"{""name"":""rect"",""x"":177,""y"":305,""width"":476,""height"":39}","{""name"":""table""}"
25.jpg,120758,"{}",32,5,"{""name"":""rect"",""x"":179,""y"":306,""width"":260,""height"":36}","{""name"":""column""}"
25.jpg,120758,"{}",32,6,"{""name"":""rect"",""x"":440,""y"":306,""width"":23,""height"":35}","{""name"":""column""}"
25.jpg,120758,"{}",32,7,"{""name"":""rect"",""x"":464,""y"":308,""width"":30,""height"":36}","{""name"":""column""}"
25.jpg,120758,"{}",32,8,"{""name"":""rect"",""x"":494,""y"":305,""width"":27,""height"":39}","{""name"":""column""}"
25.jpg,120758,"{}",32,9,"{""name"":""rect"",""x"":519,""y"":306,""width"":32,""height"":39}","{""name"":""column""}"
25.jpg,120758,"{}",32,10,"{""name"":""rect"",""x"":549,""y"":308,""width"":29,""height"":35}","{""name"":""column""}"
25.jpg,120758,"{}",32,11,"{""name"":""rect"",""x"":578,""y"":308,""width"":21,""height"":35}","{""name"":""column""}"
25.jpg,120758,"{}",32,12,"{""name"":""rect"",""x"":600,""y"":305,""width"":27,""height"":42}","{""name"":""column""}"
25.jpg,120758,"{}",32,13,"{""name"":""rect"",""x"":633,""y"":305,""width"":20,""height"":39}","{""name"":""column""}"
25.jpg,120758,"{}",32,14,"{""name"":""rect"",""x"":147,""y"":498,""width"":527,""height"":75}","{""name"":""table""}"
25.jpg,120758,"{}",32,15,"{""name"":""rect"",""x"":144,""y"":498,""width"":210,""height"":77}","{""name"":""column""}"
25.jpg,120758,"{}",32,16,"{""name"":""rect"",""x"":353,""y"":500,""width"":260,""height"":71}","{""name"":""column""}"
25.jpg,120758,"{}",32,17,"{""name"":""rect"",""x"":611,""y"":500,""width"":66,""height"":72}","{""name"":""column""}"
25.jpg,120758,"{}",32,18,"{""name"":""rect"",""x"":158,""y"":611,""width"":476,""height"":77}","{""name"":""table""}"
25.jpg,120758,"{}",32,19,"{""name"":""rect"",""x"":159,""y"":612,""width"":263,""height"":77}","{""name"":""column""}"
25.jpg,120758,"{}",32,20,"{""name"":""rect"",""x"":422,""y"":609,""width"":30,""height"":75}","{""name"":""column""}"
25.jpg,120758,"{}",32,21,"{""name"":""rect"",""x"":452,""y"":614,""width"":27,""height"":74}","{""name"":""column""}"
25.jpg,120758,"{}",32,22,"{""name"":""rect"",""x"":479,""y"":609,""width"":27,""height"":75}","{""name"":""column""}"
25.jpg,120758,"{}",32,23,"{""name"":""rect"",""x"":506,""y"":611,""width"":24,""height"":75}","{""name"":""column""}"
25.jpg,120758,"{}",32,24,"{""name"":""rect"",""x"":531,""y"":609,""width"":30,""height"":77}","{""name"":""column""}"
25.jpg,120758,"{}",32,25,"{""name"":""rect"",""x"":558,""y"":611,""width"":23,""height"":78}","{""name"":""column""}"
25.jpg,120758,"{}",32,26,"{""name"":""rect"",""x"":578,""y"":608,""width"":32,""height"":81}","{""name"":""column""}"
25.jpg,120758,"{}",32,27,"{""name"":""rect"",""x"":612,""y"":609,""width"":21,""height"":80}","{""name"":""column""}"
25.jpg,120758,"{}",32,28,"{""name"":""rect"",""x"":125,""y"":824,""width"":570,""height"":84}","{""name"":""table""}"
25.jpg,120758,"{}",32,29,"{""name"":""rect"",""x"":123,""y"":822,""width"":228,""height"":86}","{""name"":""column""}"
25.jpg,120758,"{}",32,30,"{""name"":""rect"",""x"":347,""y"":822,""width"":284,""height"":86}","{""name"":""column""}"
25.jpg,120758,"{}",32,31,"{""name"":""rect"",""x"":627,""y"":825,""width"":69,""height"":83}","{""name"":""column""}"
24.jpg,205250,"{}",5,0,"{""name"":""rect"",""x"":83,""y"":70,""width"":295,""height"":96}","{""name"":""table""}"
24.jpg,205250,"{}",5,1,"{""name"":""rect"",""x"":83,""y"":73,""width"":116,""height"":91}","{""name"":""column""}"
24.jpg,205250,"{}",5,2,"{""name"":""rect"",""x"":198,""y"":69,""width"":65,""height"":97}","{""name"":""column""}"
24.jpg,205250,"{}",5,3,"{""name"":""rect"",""x"":263,""y"":67,""width"":70,""height"":97}","{""name"":""column""}"
24.jpg,205250,"{}",5,4,"{""name"":""rect"",""x"":328,""y"":69,""width"":49,""height"":97}","{""name"":""column""}"
23.jpg,207880,"{}",5,0,"{""name"":""rect"",""x"":74,""y"":69,""width"":315,""height"":276}","{""name"":""table""}"
23.jpg,207880,"{}",5,1,"{""name"":""rect"",""x"":75,""y"":68,""width"":77,""height"":279}","{""name"":""column""}"
23.jpg,207880,"{}",5,2,"{""name"":""rect"",""x"":150,""y"":71,""width"":149,""height"":272}","{""name"":""column""}"
23.jpg,207880,"{}",5,3,"{""name"":""rect"",""x"":294,""y"":69,""width"":53,""height"":278}","{""name"":""column""}"
23.jpg,207880,"{}",5,4,"{""name"":""rect"",""x"":344,""y"":69,""width"":48,""height"":278}","{""name"":""column""}"
22.jpg,129771,"{}",0,0,"{}","{}"
21.jpg,95536,"{}",10,0,"{""name"":""rect"",""x"":263,""y"":195,""width"":293,""height"":182}","{""name"":""table""}"
21.jpg,95536,"{}",10,1,"{""name"":""rect"",""x"":266,""y"":195,""width"":167,""height"":182}","{""name"":""column""}"
21.jpg,95536,"{}",10,2,"{""name"":""rect"",""x"":434,""y"":197,""width"":123,""height"":180}","{""name"":""column""}"
21.jpg,95536,"{}",10,3,"{""name"":""rect"",""x"":173,""y"":506,""width"":470,""height"":231}","{""name"":""table""}"
21.jpg,95536,"{}",10,4,"{""name"":""rect"",""x"":173,""y"":507,""width"":63,""height"":228}","{""name"":""column""}"
21.jpg,95536,"{}",10,5,"{""name"":""rect"",""x"":236,""y"":506,""width"":84,""height"":230}","{""name"":""column""}"
21.jpg,95536,"{}",10,6,"{""name"":""rect"",""x"":318,""y"":506,""width"":66,""height"":230}","{""name"":""column""}"
21.jpg,95536,"{}",10,7,"{""name"":""rect"",""x"":383,""y"":507,""width"":87,""height"":228}","{""name"":""column""}"
21.jpg,95536,"{}",10,8,"{""name"":""rect"",""x"":467,""y"":504,""width"":87,""height"":233}","{""name"":""column""}"
21.jpg,95536,"{}",10,9,"{""name"":""rect"",""x"":549,""y"":507,""width"":95,""height"":228}","{""name"":""column""}"
20.jpg,107988,"{}",9,0,"{""name"":""rect"",""x"":233,""y"":108,""width"":353,""height"":204}","{""name"":""table""}"
20.jpg,107988,"{}",9,1,"{""name"":""rect"",""x"":235,""y"":105,""width"":67,""height"":207}","{""name"":""column""}"
20.jpg,107988,"{}",9,2,"{""name"":""rect"",""x"":302,""y"":105,""width"":94,""height"":207}","{""name"":""column""}"
20.jpg,107988,"{}",9,3,"{""name"":""rect"",""x"":399,""y"":104,""width"":67,""height"":206}","{""name"":""column""}"
20.jpg,107988,"{}",9,4,"{""name"":""rect"",""x"":464,""y"":105,""width"":123,""height"":206}","{""name"":""column""}"
20.jpg,107988,"{}",9,5,"{""name"":""rect"",""x"":235,""y"":314,""width"":353,""height"":164}","{""name"":""table""}"
20.jpg,107988,"{}",9,6,"{""name"":""rect"",""x"":239,""y"":319,""width"":156,""height"":156}","{""name"":""column""}"
20.jpg,107988,"{}",9,7,"{""name"":""rect"",""x"":393,""y"":314,""width"":73,""height"":161}","{""name"":""column""}"
20.jpg,107988,"{}",9,8,"{""name"":""rect"",""x"":463,""y"":314,""width"":126,""height"":164}","{""name"":""column""}"
19.jpg,128256,"{}",10,0,"{""name"":""rect"",""x"":427,""y"":623,""width"":297,""height"":123}","{""name"":""table""}"
19.jpg,128256,"{}",10,1,"{""name"":""rect"",""x"":427,""y"":627,""width"":72,""height"":118}","{""name"":""column""}"
19.jpg,128256,"{}",10,2,"{""name"":""rect"",""x"":499,""y"":625,""width"":78,""height"":121}","{""name"":""column""}"
19.jpg,128256,"{}",10,3,"{""name"":""rect"",""x"":577,""y"":623,""width"":73,""height"":120}","{""name"":""column""}"
19.jpg,128256,"{}",10,4,"{""name"":""rect"",""x"":654,""y"":623,""width"":65,""height"":121}","{""name"":""column""}"
19.jpg,128256,"{}",10,5,"{""name"":""rect"",""x"":75,""y"":850,""width"":301,""height"":124}","{""name"":""table""}"
19.jpg,128256,"{}",10,6,"{""name"":""rect"",""x"":77,""y"":850,""width"":77,""height"":123}","{""name"":""column""}"
19.jpg,128256,"{}",10,7,"{""name"":""rect"",""x"":150,""y"":850,""width"":80,""height"":124}","{""name"":""column""}"
19.jpg,128256,"{}",10,8,"{""name"":""rect"",""x"":231,""y"":847,""width"":72,""height"":128}","{""name"":""column""}"
19.jpg,128256,"{}",10,9,"{""name"":""rect"",""x"":303,""y"":851,""width"":75,""height"":124}","{""name"":""column""}"
18.jpg,226958,"{}",10,0,"{""name"":""rect"",""x"":59,""y"":132,""width"":329,""height"":278}","{""name"":""table""}"
18.jpg,226958,"{}",10,1,"{""name"":""rect"",""x"":60,""y"":134,""width"":50,""height"":278}","{""name"":""column""}"
18.jpg,226958,"{}",10,2,"{""name"":""rect"",""x"":107,""y"":129,""width"":35,""height"":285}","{""name"":""column""}"
18.jpg,226958,"{}",10,3,"{""name"":""rect"",""x"":143,""y"":134,""width"":33,""height"":281}","{""name"":""column""}"
18.jpg,226958,"{}",10,4,"{""name"":""rect"",""x"":174,""y"":128,""width"":39,""height"":282}","{""name"":""column""}"
18.jpg,226958,"{}",10,5,"{""name"":""rect"",""x"":212,""y"":132,""width"":36,""height"":279}","{""name"":""column""}"
18.jpg,226958,"{}",10,6,"{""name"":""rect"",""x"":249,""y"":132,""width"":29,""height"":278}","{""name"":""column""}"
18.jpg,226958,"{}",10,7,"{""name"":""rect"",""x"":279,""y"":132,""width"":38,""height"":281}","{""name"":""column""}"
18.jpg,226958,"{}",10,8,"{""name"":""rect"",""x"":315,""y"":129,""width"":36,""height"":282}","{""name"":""column""}"
18.jpg,226958,"{}",10,9,"{""name"":""rect"",""x"":353,""y"":132,""width"":35,""height"":278}","{""name"":""column""}"
17.jpg,110190,"{}",5,0,"{""name"":""rect"",""x"":174,""y"":381,""width"":440,""height"":78}","{""name"":""table""}"
17.jpg,110190,"{}",5,1,"{""name"":""rect"",""x"":176,""y"":385,""width"":113,""height"":69}","{""name"":""column""}"
17.jpg,110190,"{}",5,2,"{""name"":""rect"",""x"":281,""y"":377,""width"":105,""height"":80}","{""name"":""column""}"
17.jpg,110190,"{}",5,3,"{""name"":""rect"",""x"":385,""y"":381,""width"":105,""height"":75}","{""name"":""column""}"
17.jpg,110190,"{}",5,4,"{""name"":""rect"",""x"":490,""y"":381,""width"":126,""height"":77}","{""name"":""column""}"
16.jpg,75087,"{}",13,0,"{""name"":""rect"",""x"":61,""y"":218,""width"":529,""height"":353}","{""name"":""table""}"
16.jpg,75087,"{}",13,1,"{""name"":""rect"",""x"":60,""y"":222,""width"":66,""height"":347}","{""name"":""column""}"
16.jpg,75087,"{}",13,2,"{""name"":""rect"",""x"":127,""y"":221,""width"":40,""height"":351}","{""name"":""column""}"
16.jpg,75087,"{}",13,3,"{""name"":""rect"",""x"":165,""y"":220,""width"":42,""height"":352}","{""name"":""column""}"
16.jpg,75087,"{}",13,4,"{""name"":""rect"",""x"":208,""y"":221,""width"":42,""height"":348}","{""name"":""column""}"
16.jpg,75087,"{}",13,5,"{""name"":""rect"",""x"":252,""y"":221,""width"":36,""height"":352}","{""name"":""column""}"
16.jpg,75087,"{}",13,6,"{""name"":""rect"",""x"":286,""y"":217,""width"":44,""height"":352}","{""name"":""column""}"
16.jpg,75087,"{}",13,7,"{""name"":""rect"",""x"":333,""y"":218,""width"":40,""height"":352}","{""name"":""column""}"
16.jpg,75087,"{}",13,8,"{""name"":""rect"",""x"":374,""y"":221,""width"":36,""height"":351}","{""name"":""column""}"
16.jpg,75087,"{}",13,9,"{""name"":""rect"",""x"":412,""y"":218,""width"":39,""height"":355}","{""name"":""column""}"
16.jpg,75087,"{}",13,10,"{""name"":""rect"",""x"":455,""y"":218,""width"":36,""height"":351}","{""name"":""column""}"
16.jpg,75087,"{}",13,11,"{""name"":""rect"",""x"":491,""y"":220,""width"":43,""height"":353}","{""name"":""column""}"
16.jpg,75087,"{}",13,12,"{""name"":""rect"",""x"":534,""y"":217,""width"":55,""height"":357}","{""name"":""column""}"
15.jpg,182360,"{}",14,0,"{""name"":""rect"",""x"":54,""y"":102,""width"":348,""height"":906}","{""name"":""table""}"
15.jpg,182360,"{}",14,1,"{""name"":""rect"",""x"":56,""y"":102,""width"":77,""height"":908}","{""name"":""column""}"
15.jpg,182360,"{}",14,2,"{""name"":""rect"",""x"":132,""y"":104,""width"":68,""height"":908}","{""name"":""column""}"
15.jpg,182360,"{}",14,3,"{""name"":""rect"",""x"":200,""y"":102,""width"":62,""height"":905}","{""name"":""column""}"
15.jpg,182360,"{}",14,4,"{""name"":""rect"",""x"":260,""y"":102,""width"":54,""height"":908}","{""name"":""column""}"
15.jpg,182360,"{}",14,5,"{""name"":""rect"",""x"":312,""y"":99,""width"":39,""height"":911}","{""name"":""column""}"
15.jpg,182360,"{}",14,6,"{""name"":""rect"",""x"":351,""y"":101,""width"":51,""height"":909}","{""name"":""column""}"
15.jpg,182360,"{}",14,7,"{""name"":""rect"",""x"":422,""y"":87,""width"":351,""height"":921}","{""name"":""table""}"
15.jpg,182360,"{}",14,8,"{""name"":""rect"",""x"":419,""y"":92,""width"":81,""height"":917}","{""name"":""column""}"
15.jpg,182360,"{}",14,9,"{""name"":""rect"",""x"":495,""y"":86,""width"":75,""height"":923}","{""name"":""column""}"
15.jpg,182360,"{}",14,10,"{""name"":""rect"",""x"":569,""y"":86,""width"":57,""height"":926}","{""name"":""column""}"
15.jpg,182360,"{}",14,11,"{""name"":""rect"",""x"":627,""y"":86,""width"":53,""height"":924}","{""name"":""column""}"
15.jpg,182360,"{}",14,12,"{""name"":""rect"",""x"":683,""y"":84,""width"":42,""height"":926}","{""name"":""column""}"
15.jpg,182360,"{}",14,13,"{""name"":""rect"",""x"":723,""y"":84,""width"":53,""height"":924}","{""name"":""column""}"
14.jpg,89870,"{}",5,0,"{""name"":""rect"",""x"":85,""y"":108,""width"":508,""height"":288}","{""name"":""table""}"
14.jpg,89870,"{}",5,1,"{""name"":""rect"",""x"":84,""y"":108,""width"":86,""height"":288}","{""name"":""column""}"
14.jpg,89870,"{}",5,2,"{""name"":""rect"",""x"":170,""y"":108,""width"":166,""height"":285}","{""name"":""column""}"
14.jpg,89870,"{}",5,3,"{""name"":""rect"",""x"":334,""y"":108,""width"":121,""height"":284}","{""name"":""column""}"
14.jpg,89870,"{}",5,4,"{""name"":""rect"",""x"":454,""y"":110,""width"":138,""height"":284}","{""name"":""column""}"
13.jpg,145909,"{}",3,0,"{""name"":""rect"",""x"":92,""y"":653,""width"":608,""height"":288}","{""name"":""table""}"
13.jpg,145909,"{}",3,1,"{""name"":""rect"",""x"":381,""y"":653,""width"":318,""height"":285}","{""name"":""column""}"
13.jpg,145909,"{}",3,2,"{""name"":""rect"",""x"":92,""y"":657,""width"":291,""height"":284}","{""name"":""column""}"
12.jpg,220146,"{}",11,0,"{""name"":""rect"",""x"":429,""y"":233,""width"":313,""height"":91}","{""name"":""table""}"
12.jpg,220146,"{}",11,1,"{""name"":""rect"",""x"":429,""y"":231,""width"":51,""height"":91}","{""name"":""column""}"
12.jpg,220146,"{}",11,2,"{""name"":""rect"",""x"":475,""y"":231,""width"":57,""height"":91}","{""name"":""column""}"
12.jpg,220146,"{}",11,3,"{""name"":""rect"",""x"":531,""y"":233,""width"":51,""height"":88}","{""name"":""column""}"
12.jpg,220146,"{}",11,4,"{""name"":""rect"",""x"":582,""y"":233,""width"":59,""height"":89}","{""name"":""column""}"
12.jpg,220146,"{}",11,5,"{""name"":""rect"",""x"":641,""y"":235,""width"":49,""height"":88}","{""name"":""column""}"
12.jpg,220146,"{}",11,6,"{""name"":""rect"",""x"":688,""y"":231,""width"":56,""height"":91}","{""name"":""column""}"
12.jpg,220146,"{}",11,7,"{""name"":""rect"",""x"":444,""y"":803,""width"":287,""height"":85}","{""name"":""table""}"
12.jpg,220146,"{}",11,8,"{""name"":""rect"",""x"":444,""y"":806,""width"":140,""height"":80}","{""name"":""column""}"
12.jpg,220146,"{}",11,9,"{""name"":""rect"",""x"":584,""y"":804,""width"":105,""height"":81}","{""name"":""column""}"
12.jpg,220146,"{}",11,10,"{""name"":""rect"",""x"":689,""y"":804,""width"":43,""height"":85}","{""name"":""column""}"
11.jpg,152377,"{}",5,0,"{""name"":""rect"",""x"":427,""y"":131,""width"":308,""height"":408}","{""name"":""table""}"
11.jpg,152377,"{}",5,1,"{""name"":""rect"",""x"":429,""y"":134,""width"":73,""height"":400}","{""name"":""column""}"
11.jpg,152377,"{}",5,2,"{""name"":""rect"",""x"":501,""y"":132,""width"":80,""height"":403}","{""name"":""column""}"
11.jpg,152377,"{}",5,3,"{""name"":""rect"",""x"":585,""y"":128,""width"":73,""height"":405}","{""name"":""column""}"
11.jpg,152377,"{}",5,4,"{""name"":""rect"",""x"":657,""y"":128,""width"":77,""height"":407}","{""name"":""column""}"
10.jpg,217745,"{}",3,0,"{""name"":""rect"",""x"":73,""y"":503,""width"":635,""height"":211}","{""name"":""table""}"
10.jpg,217745,"{}",3,1,"{""name"":""rect"",""x"":73,""y"":506,""width"":96,""height"":207}","{""name"":""column""}"
10.jpg,217745,"{}",3,2,"{""name"":""rect"",""x"":171,""y"":501,""width"":538,""height"":211}","{""name"":""column""}"
9.jpg,173199,"{}",16,0,"{""name"":""rect"",""x"":81,""y"":169,""width"":317,""height"":175}","{""name"":""table""}"
9.jpg,173199,"{}",16,1,"{""name"":""rect"",""x"":81,""y"":169,""width"":45,""height"":175}","{""name"":""column""}"
9.jpg,173199,"{}",16,2,"{""name"":""rect"",""x"":123,""y"":172,""width"":62,""height"":172}","{""name"":""column""}"
9.jpg,173199,"{}",16,3,"{""name"":""rect"",""x"":185,""y"":171,""width"":45,""height"":174}","{""name"":""column""}"
9.jpg,173199,"{}",16,4,"{""name"":""rect"",""x"":230,""y"":167,""width"":78,""height"":177}","{""name"":""column""}"
9.jpg,173199,"{}",16,5,"{""name"":""rect"",""x"":308,""y"":169,""width"":92,""height"":175}","{""name"":""column""}"
9.jpg,173199,"{}",16,6,"{""name"":""rect"",""x"":78,""y"":614,""width"":657,""height"":298}","{""name"":""table""}"
9.jpg,173199,"{}",16,7,"{""name"":""rect"",""x"":78,""y"":617,""width"":37,""height"":295}","{""name"":""column""}"
9.jpg,173199,"{}",16,8,"{""name"":""rect"",""x"":113,""y"":617,""width"":48,""height"":295}","{""name"":""column""}"
9.jpg,173199,"{}",16,9,"{""name"":""rect"",""x"":159,""y"":615,""width"":43,""height"":297}","{""name"":""column""}"
9.jpg,173199,"{}",16,10,"{""name"":""rect"",""x"":204,""y"":615,""width"":92,""height"":295}","{""name"":""column""}"
9.jpg,173199,"{}",16,11,"{""name"":""rect"",""x"":297,""y"":614,""width"":89,""height"":295}","{""name"":""column""}"
9.jpg,173199,"{}",16,12,"{""name"":""rect"",""x"":384,""y"":615,""width"":107,""height"":295}","{""name"":""column""}"
9.jpg,173199,"{}",16,13,"{""name"":""rect"",""x"":491,""y"":619,""width"":81,""height"":290}","{""name"":""column""}"
9.jpg,173199,"{}",16,14,"{""name"":""rect"",""x"":574,""y"":614,""width"":80,""height"":297}","{""name"":""column""}"
9.jpg,173199,"{}",16,15,"{""name"":""rect"",""x"":654,""y"":617,""width"":78,""height"":292}","{""name"":""column""}"
8.jpg,106701,"{}",26,0,"{""name"":""rect"",""x"":131,""y"":471,""width"":536,""height"":158}","{""name"":""table""}"
8.jpg,106701,"{}",26,1,"{""name"":""rect"",""x"":132,""y"":474,""width"":80,""height"":153}","{""name"":""column""}"
8.jpg,106701,"{}",26,2,"{""name"":""rect"",""x"":212,""y"":470,""width"":72,""height"":159}","{""name"":""column""}"
8.jpg,106701,"{}",26,3,"{""name"":""rect"",""x"":282,""y"":473,""width"":59,""height"":150}","{""name"":""column""}"
8.jpg,106701,"{}",26,4,"{""name"":""rect"",""x"":338,""y"":474,""width"":86,""height"":153}","{""name"":""column""}"
8.jpg,106701,"{}",26,5,"{""name"":""rect"",""x"":422,""y"":476,""width"":81,""height"":155}","{""name"":""column""}"
8.jpg,106701,"{}",26,6,"{""name"":""rect"",""x"":503,""y"":476,""width"":95,""height"":153}","{""name"":""column""}"
8.jpg,106701,"{}",26,7,"{""name"":""rect"",""x"":597,""y"":471,""width"":68,""height"":158}","{""name"":""column""}"
8.jpg,106701,"{}",26,8,"{""name"":""rect"",""x"":135,""y"":698,""width"":530,""height"":170}","{""name"":""table""}"
8.jpg,106701,"{}",26,9,"{""name"":""rect"",""x"":134,""y"":701,""width"":69,""height"":170}","{""name"":""column""}"
8.jpg,106701,"{}",26,10,"{""name"":""rect"",""x"":200,""y"":702,""width"":56,""height"":167}","{""name"":""column""}"
8.jpg,106701,"{}",26,11,"{""name"":""rect"",""x"":255,""y"":696,""width"":54,""height"":171}","{""name"":""column""}"
8.jpg,106701,"{}",26,12,"{""name"":""rect"",""x"":303,""y"":696,""width"":68,""height"":173}","{""name"":""column""}"
8.jpg,106701,"{}",26,13,"{""name"":""rect"",""x"":366,""y"":698,""width"":65,""height"":170}","{""name"":""column""}"
8.jpg,106701,"{}",26,14,"{""name"":""rect"",""x"":432,""y"":698,""width"":60,""height"":168}","{""name"":""column""}"
8.jpg,106701,"{}",26,15,"{""name"":""rect"",""x"":491,""y"":698,""width"":96,""height"":167}","{""name"":""column""}"
8.jpg,106701,"{}",26,16,"{""name"":""rect"",""x"":582,""y"":698,""width"":81,""height"":168}","{""name"":""column""}"
8.jpg,106701,"{}",26,17,"{""name"":""rect"",""x"":131,""y"":872,""width"":530,""height"":104}","{""name"":""table""}"
8.jpg,106701,"{}",26,18,"{""name"":""rect"",""x"":132,""y"":875,""width"":66,""height"":101}","{""name"":""column""}"
8.jpg,106701,"{}",26,19,"{""name"":""rect"",""x"":197,""y"":873,""width"":56,""height"":101}","{""name"":""column""}"
8.jpg,106701,"{}",26,20,"{""name"":""rect"",""x"":251,""y"":873,""width"":53,""height"":101}","{""name"":""column""}"
8.jpg,106701,"{}",26,21,"{""name"":""rect"",""x"":305,""y"":876,""width"":63,""height"":98}","{""name"":""column""}"
8.jpg,106701,"{}",26,22,"{""name"":""rect"",""x"":366,""y"":875,""width"":65,""height"":99}","{""name"":""column""}"
8.jpg,106701,"{}",26,23,"{""name"":""rect"",""x"":431,""y"":875,""width"":60,""height"":98}","{""name"":""column""}"
8.jpg,106701,"{}",26,24,"{""name"":""rect"",""x"":492,""y"":878,""width"":93,""height"":96}","{""name"":""column""}"
8.jpg,106701,"{}",26,25,"{""name"":""rect"",""x"":584,""y"":876,""width"":77,""height"":99}","{""name"":""column""}"
7.jpg,132945,"{}",7,0,"{""name"":""rect"",""x"":189,""y"":497,""width"":423,""height"":197}","{""name"":""table""}"
7.jpg,132945,"{}",7,1,"{""name"":""rect"",""x"":191,""y"":503,""width"":93,""height"":192}","{""name"":""column""}"
7.jpg,132945,"{}",7,2,"{""name"":""rect"",""x"":285,""y"":500,""width"":65,""height"":192}","{""name"":""column""}"
7.jpg,132945,"{}",7,3,"{""name"":""rect"",""x"":351,""y"":498,""width"":74,""height"":195}","{""name"":""column""}"
7.jpg,132945,"{}",7,4,"{""name"":""rect"",""x"":425,""y"":497,""width"":59,""height"":200}","{""name"":""column""}"
7.jpg,132945,"{}",7,5,"{""name"":""rect"",""x"":482,""y"":497,""width"":69,""height"":198}","{""name"":""column""}"
7.jpg,132945,"{}",7,6,"{""name"":""rect"",""x"":548,""y"":494,""width"":63,""height"":200}","{""name"":""column""}"
6.jpg,242284,"{}",5,0,"{""name"":""rect"",""x"":80,""y"":74,""width"":668,""height"":168}","{""name"":""table""}"
6.jpg,242284,"{}",5,1,"{""name"":""rect"",""x"":81,""y"":74,""width"":110,""height"":167}","{""name"":""column""}"
6.jpg,242284,"{}",5,2,"{""name"":""rect"",""x"":189,""y"":72,""width"":234,""height"":167}","{""name"":""column""}"
6.jpg,242284,"{}",5,3,"{""name"":""rect"",""x"":423,""y"":74,""width"":233,""height"":170}","{""name"":""column""}"
6.jpg,242284,"{}",5,4,"{""name"":""rect"",""x"":653,""y"":72,""width"":93,""height"":168}","{""name"":""column""}"
5.jpg,170751,"{}",3,0,"{""name"":""rect"",""x"":149,""y"":551,""width"":531,""height"":332}","{""name"":""table""}"
5.jpg,170751,"{}",3,1,"{""name"":""rect"",""x"":150,""y"":554,""width"":206,""height"":327}","{""name"":""column""}"
5.jpg,170751,"{}",3,2,"{""name"":""rect"",""x"":354,""y"":551,""width"":324,""height"":330}","{""name"":""column""}"
4.jpg,98343,"{}",11,0,"{""name"":""rect"",""x"":173,""y"":353,""width"":530,""height"":123}","{""name"":""table""}"
4.jpg,98343,"{}",11,1,"{""name"":""rect"",""x"":174,""y"":356,""width"":66,""height"":117}","{""name"":""column""}"
4.jpg,98343,"{}",11,2,"{""name"":""rect"",""x"":237,""y"":351,""width"":120,""height"":125}","{""name"":""column""}"
4.jpg,98343,"{}",11,3,"{""name"":""rect"",""x"":357,""y"":350,""width"":146,""height"":125}","{""name"":""column""}"
4.jpg,98343,"{}",11,4,"{""name"":""rect"",""x"":501,""y"":351,""width"":75,""height"":123}","{""name"":""column""}"
4.jpg,98343,"{}",11,5,"{""name"":""rect"",""x"":573,""y"":351,""width"":129,""height"":125}","{""name"":""column""}"
4.jpg,98343,"{}",11,6,"{""name"":""rect"",""x"":173,""y"":842,""width"":527,""height"":53}","{""name"":""table""}"
4.jpg,98343,"{}",11,7,"{""name"":""rect"",""x"":174,""y"":845,""width"":107,""height"":48}","{""name"":""column""}"
4.jpg,98343,"{}",11,8,"{""name"":""rect"",""x"":279,""y"":842,""width"":110,""height"":56}","{""name"":""column""}"
4.jpg,98343,"{}",11,9,"{""name"":""rect"",""x"":387,""y"":842,""width"":111,""height"":53}","{""name"":""column""}"
4.jpg,98343,"{}",11,10,"{""name"":""rect"",""x"":497,""y"":845,""width"":203,""height"":48}","{""name"":""column""}"
3.jpg,180533,"{}",10,0,"{""name"":""rect"",""x"":69,""y"":72,""width"":297,""height"":353}","{""name"":""table""}"
3.jpg,180533,"{}",10,1,"{""name"":""rect"",""x"":69,""y"":75,""width"":85,""height"":346}","{""name"":""column""}"
3.jpg,180533,"{}",10,2,"{""name"":""rect"",""x"":150,""y"":73,""width"":90,""height"":351}","{""name"":""column""}"
3.jpg,180533,"{}",10,3,"{""name"":""rect"",""x"":240,""y"":70,""width"":127,""height"":353}","{""name"":""column""}"
3.jpg,180533,"{}",10,4,"{""name"":""rect"",""x"":72,""y"":708,""width"":314,""height"":105}","{""name"":""table""}"
3.jpg,180533,"{}",10,5,"{""name"":""rect"",""x"":75,""y"":708,""width"":63,""height"":104}","{""name"":""column""}"
3.jpg,180533,"{}",10,6,"{""name"":""rect"",""x"":136,""y"":707,""width"":249,""height"":105}","{""name"":""column""}"
3.jpg,180533,"{}",10,7,"{""name"":""rect"",""x"":421,""y"":389,""width"":324,""height"":363}","{""name"":""table""}"
3.jpg,180533,"{}",10,8,"{""name"":""rect"",""x"":421,""y"":389,""width"":67,""height"":362}","{""name"":""column""}"
3.jpg,180533,"{}",10,9,"{""name"":""rect"",""x"":488,""y"":389,""width"":255,""height"":363}","{""name"":""column""}"
2.jpg,174877,"{}",6,0,"{""name"":""rect"",""x"":419,""y"":275,""width"":337,""height"":254}","{""name"":""table""}"
2.jpg,174877,"{}",6,1,"{""name"":""rect"",""x"":419,""y"":274,""width"":62,""height"":255}","{""name"":""column""}"
2.jpg,174877,"{}",6,2,"{""name"":""rect"",""x"":479,""y"":277,""width"":59,""height"":251}","{""name"":""column""}"
2.jpg,174877,"{}",6,3,"{""name"":""rect"",""x"":536,""y"":277,""width"":73,""height"":251}","{""name"":""column""}"
2.jpg,174877,"{}",6,4,"{""name"":""rect"",""x"":609,""y"":275,""width"":47,""height"":251}","{""name"":""column""}"
2.jpg,174877,"{}",6,5,"{""name"":""rect"",""x"":663,""y"":277,""width"":95,""height"":252}","{""name"":""column""}"
1.jpg,88311,"{}",14,0,"{""name"":""rect"",""x"":138,""y"":115,""width"":298,""height"":202}","{""name"":""table""}"
1.jpg,88311,"{}",14,1,"{""name"":""rect"",""x"":141,""y"":118,""width"":73,""height"":201}","{""name"":""column""}"
1.jpg,88311,"{}",14,2,"{""name"":""rect"",""x"":214,""y"":115,""width"":80,""height"":204}","{""name"":""column""}"
1.jpg,88311,"{}",14,3,"{""name"":""rect"",""x"":293,""y"":116,""width"":70,""height"":196}","{""name"":""column""}"
1.jpg,88311,"{}",14,4,"{""name"":""rect"",""x"":363,""y"":116,""width"":75,""height"":199}","{""name"":""column""}"
1.jpg,88311,"{}",14,5,"{""name"":""rect"",""x"":440,""y"":113,""width"":288,""height"":188}","{""name"":""table""}"
1.jpg,88311,"{}",14,6,"{""name"":""rect"",""x"":439,""y"":118,""width"":70,""height"":184}","{""name"":""column""}"
1.jpg,88311,"{}",14,7,"{""name"":""rect"",""x"":505,""y"":112,""width"":80,""height"":186}","{""name"":""column""}"
1.jpg,88311,"{}",14,8,"{""name"":""rect"",""x"":581,""y"":113,""width"":72,""height"":188}","{""name"":""column""}"
1.jpg,88311,"{}",14,9,"{""name"":""rect"",""x"":651,""y"":115,""width"":79,""height"":185}","{""name"":""column""}"
1.jpg,88311,"{}",14,10,"{""name"":""rect"",""x"":328,""y"":744,""width"":214,""height"":218}","{""name"":""table""}"
1.jpg,88311,"{}",14,11,"{""name"":""rect"",""x"":326,""y"":747,""width"":72,""height"":212}","{""name"":""column""}"
1.jpg,88311,"{}",14,12,"{""name"":""rect"",""x"":399,""y"":749,""width"":75,""height"":209}","{""name"":""column""}"
1.jpg,88311,"{}",14,13,"{""name"":""rect"",""x"":472,""y"":750,""width"":73,""height"":214}","{""name"":""column""}"
0.jpg,115293,"{}",13,0,"{""name"":""rect"",""x"":92,""y"":265,""width"":670,""height"":178}","{""name"":""table""}"
0.jpg,115293,"{}",13,1,"{""name"":""rect"",""x"":93,""y"":268,""width"":90,""height"":176}","{""name"":""column""}"
0.jpg,115293,"{}",13,2,"{""name"":""rect"",""x"":184,""y"":267,""width"":54,""height"":176}","{""name"":""column""}"
0.jpg,115293,"{}",13,3,"{""name"":""rect"",""x"":238,""y"":270,""width"":52,""height"":171}","{""name"":""column""}"
0.jpg,115293,"{}",13,4,"{""name"":""rect"",""x"":287,""y"":268,""width"":54,""height"":176}","{""name"":""column""}"
0.jpg,115293,"{}",13,5,"{""name"":""rect"",""x"":341,""y"":264,""width"":47,""height"":178}","{""name"":""column""}"
0.jpg,115293,"{}",13,6,"{""name"":""rect"",""x"":390,""y"":264,""width"":54,""height"":181}","{""name"":""column""}"
0.jpg,115293,"{}",13,7,"{""name"":""rect"",""x"":445,""y"":262,""width"":54,""height"":182}","{""name"":""column""}"
0.jpg,115293,"{}",13,8,"{""name"":""rect"",""x"":498,""y"":262,""width"":56,""height"":179}","{""name"":""column""}"
0.jpg,115293,"{}",13,9,"{""name"":""rect"",""x"":554,""y"":270,""width"":50,""height"":174}","{""name"":""column""}"
0.jpg,115293,"{}",13,10,"{""name"":""rect"",""x"":604,""y"":264,""width"":52,""height"":182}","{""name"":""column""}"
0.jpg,115293,"{}",13,11,"{""name"":""rect"",""x"":655,""y"":264,""width"":50,""height"":179}","{""name"":""column""}"
0.jpg,115293,"{}",13,12,"{""name"":""rect"",""x"":704,""y"":265,""width"":59,""height"":179}","{""name"":""column""}"